Run,Assay Type,AvgSpotLen,BioProject,BioSample,BioSampleModel,Center Name,collection_date,Consent,DATASTORE filetype,DATASTORE provider,DATASTORE region,Experiment,geo_loc_name_country,geo_loc_name_country_continent,geo_loc_name,IlluminaName,Instrument,isolation_source,lat_lon,Library Name,LibraryLayout,LibrarySelection,LibrarySource,MBases,MBytes,Organism,Platform,ReleaseDate,sample_acc,Sample Name,SRA Study,,,,
SRR8174619,AMPLICON,602,PRJNA504438,SAMN10392056,Metagenome or environmental,UTAH VALLEY UNIVERSITY,2018-02-26,public,sra,"gs,ncbi,s3","gs.US,ncbi.public,s3.us-east-1",SRX4995324,Singapore,Asia,Singapore: Hantu Coral Reef,AOO2148,Illumina MiSeq,Hantu_Sargassum_Vesicle,1.223054 N 103.748229 E,Sarg_Hantu_Ves_02_ITS1,PAIRED,PCR,METAGENOMIC,31,19,algae metagenome,ILLUMINA,2018-11-08T00:00:00Z,SRS4030451,Sarg_Hantu_Ves_02,SRP168175
SRR8174621,AMPLICON,602,PRJNA504438,SAMN10392054,Metagenome or environmental,UTAH VALLEY UNIVERSITY,2018-02-19,public,sra,"gs,ncbi,s3","gs.US,ncbi.public,s3.us-east-1",SRX4995322,Singapore,Asia,Singapore: Hantu Coral Reef,AOO2146,Illumina MiSeq,Hantu_Sargassum_Leaf,1.223054 N 103.748229 E,Sarg_Hantu_Leaf_08_ITS1,PAIRED,PCR,METAGENOMIC,25,16,algae metagenome,ILLUMINA,2018-11-08T00:00:00Z,SRS4030449,Sarg_Hantu_Leaf_08,SRP168175
SRR8174624,AMPLICON,602,PRJNA504438,SAMN10392061,Metagenome or environmental,UTAH VALLEY UNIVERSITY,2018-02-23,public,sra,"gs,ncbi,s3","gs.US,ncbi.public,s3.us-east-1",SRX4995319,Singapore,Asia,Singapore: Hantu Coral Reef,AOO2153,Illumina MiSeq,Hantu_Sargassum_Vesicle,1.223054 N 103.748229 E,Sarg_Hantu_Ves_07_ITS1,PAIRED,PCR,METAGENOMIC,28,17,algae metagenome,ILLUMINA,2018-11-08T00:00:00Z,SRS4030444,Sarg_Hantu_Ves_07,SRP168175
SRR8174628,AMPLICON,602,PRJNA504438,SAMN10392063,Metagenome or environmental,UTAH VALLEY UNIVERSITY,2018-02-25,public,sra,"gs,ncbi,s3","gs.US,ncbi.public,s3.us-east-1",SRX4995315,Singapore,Asia,Singapore: Semakau Coral Reef,AOO2155,Illumina MiSeq,Semakau_Sargassum_Hold Fast,1.212615 N 103.759078 E,Sarg_Semakau_HF_01_ITS1,PAIRED,PCR,METAGENOMIC,36,23,algae metagenome,ILLUMINA,2018-11-08T00:00:00Z,SRS4030442,Sarg_Semakau_HF_01,SRP168175
SRR8174630,AMPLICON,602,PRJNA504438,SAMN10391983,Metagenome or environmental,UTAH VALLEY UNIVERSITY,2018-02-25,public,sra,"gs,ncbi,s3","gs.US,ncbi.public,s3.us-east-1",SRX4995313,Singapore,Asia,Singapore: TPL Coral Reef,AOO2075,Illumina MiSeq,TPL_Sargassum_Vesicle,1.234695 N 103.721102 E,Sarg_TPL_Ves_04_ITS1,PAIRED,PCR,METAGENOMIC,26,16,algae metagenome,ILLUMINA,2018-11-08T00:00:00Z,SRS4030440,Sarg_TPL_Ves_04,SRP168175
SRR8174631,AMPLICON,602,PRJNA504438,SAMN10391976,Metagenome or environmental,UTAH VALLEY UNIVERSITY,2018-02-26,public,sra,"gs,ncbi,s3","gs.US,ncbi.public,s3.us-east-1",SRX4995312,Singapore,Asia,Singapore: TPL Coral Reef,AOO2068,Illumina MiSeq,TPL_Sargassum_Leaf,1.234695 N 103.721102 E,Sarg_TPL_Leaf_05_ITS1,PAIRED,PCR,METAGENOMIC,6,4,algae metagenome,ILLUMINA,2018-11-08T00:00:00Z,SRS4030439,Sarg_TPL_Leaf_05,SRP168175
SRR8174634,AMPLICON,602,PRJNA504438,SAMN10391975,Metagenome or environmental,UTAH VALLEY UNIVERSITY,2018-02-25,public,sra,"gs,ncbi,s3","gs.US,ncbi.public,s3.us-east-1",SRX4995309,Singapore,Asia,Singapore: TPL Coral Reef,AOO2067,Illumina MiSeq,TPL_Sargassum_Leaf,1.234695 N 103.721102 E,Sarg_TPL_Leaf_04_ITS1,PAIRED,PCR,METAGENOMIC,50,31,algae metagenome,ILLUMINA,2018-11-08T00:00:00Z,SRS4030436,Sarg_TPL_Leaf_04,SRP168175
SRR8174635,AMPLICON,602,PRJNA504438,SAMN10391980,Metagenome or environmental,UTAH VALLEY UNIVERSITY,2018-02-22,public,sra,"gs,ncbi,s3","gs.US,ncbi.public,s3.us-east-1",SRX4995308,Singapore,Asia,Singapore: TPL Coral Reef,AOO2072,Illumina MiSeq,TPL_Sargassum_Vesicle,1.234695 N 103.721102 E,Sarg_TPL_Ves_01_ITS1,PAIRED,PCR,METAGENOMIC,25,15,algae metagenome,ILLUMINA,2018-11-08T00:00:00Z,SRS4030435,Sarg_TPL_Ves_01,SRP168175
SRR8174636,AMPLICON,602,PRJNA504438,SAMN10391981,Metagenome or environmental,UTAH VALLEY UNIVERSITY,2018-02-23,public,sra,"gs,ncbi,s3","gs.US,ncbi.public,s3.us-east-1",SRX4995307,Singapore,Asia,Singapore: TPL Coral Reef,AOO2073,Illumina MiSeq,TPL_Sargassum_Vesicle,1.234695 N 103.721102 E,Sarg_TPL_Ves_02_ITS1,PAIRED,PCR,METAGENOMIC,40,24,algae metagenome,ILLUMINA,2018-11-08T00:00:00Z,SRS4030434,Sarg_TPL_Ves_02,SRP168175
SRR8174638,AMPLICON,602,PRJNA504438,SAMN10391979,Metagenome or environmental,UTAH VALLEY UNIVERSITY,2018-02-21,public,sra,"gs,ncbi,s3","gs.US,ncbi.public,s3.us-east-1",SRX4995305,Singapore,Asia,Singapore: TPL Coral Reef,AOO2071,Illumina MiSeq,TPL_Sargassum_Leaf,1.234695 N 103.721102 E,Sarg_TPL_Leaf_08_ITS1,PAIRED,PCR,METAGENOMIC,30,19,algae metagenome,ILLUMINA,2018-11-08T00:00:00Z,SRS4030432,Sarg_TPL_Leaf_08,SRP168175
SRR8174639,AMPLICON,602,PRJNA504438,SAMN10392156,Metagenome or environmental,UTAH VALLEY UNIVERSITY,2018-02-23,public,sra,"gs,ncbi,s3","gs.US,ncbi.public,s3.us-east-1",SRX4995304,Singapore,Asia,Singapore: Sisters Coral Reef,AOO2248,Illumina MiSeq,Sisters_Sargassum_Vesicle,1.212338 N 103.833987 E,Sarg_Sisters_Ves_03_ITS1,PAIRED,PCR,METAGENOMIC,42,27,algae metagenome,ILLUMINA,2018-11-08T00:00:00Z,SRS4030430,Sarg_Sisters_Ves_03,SRP168175
SRR8174640,AMPLICON,602,PRJNA504438,SAMN10392157,Metagenome or environmental,UTAH VALLEY UNIVERSITY,2018-02-24,public,sra,"gs,ncbi,s3","gs.US,ncbi.public,s3.us-east-1",SRX4995303,Singapore,Asia,Singapore: Sisters Coral Reef,AOO2249,Illumina MiSeq,Sisters_Sargassum_Vesicle,1.212338 N 103.833987 E,Sarg_Sisters_Ves_04_ITS1,PAIRED,PCR,METAGENOMIC,8,4,algae metagenome,ILLUMINA,2018-11-08T00:00:00Z,SRS4030431,Sarg_Sisters_Ves_04,SRP168175
SRR8174642,AMPLICON,602,PRJNA504438,SAMN10392155,Metagenome or environmental,UTAH VALLEY UNIVERSITY,2018-02-21,public,sra,"gs,ncbi,s3","gs.US,ncbi.public,s3.us-east-1",SRX4995301,Singapore,Asia,Singapore: Sisters Coral Reef,AOO2247,Illumina MiSeq,Sisters_Sargassum_Vesicle,1.212338 N 103.833987 E,Sarg_Sisters_Ves_02_ITS1,PAIRED,PCR,METAGENOMIC,26,15,algae metagenome,ILLUMINA,2018-11-08T00:00:00Z,SRS4030428,Sarg_Sisters_Ves_02,SRP168175
SRR8174645,AMPLICON,602,PRJNA504438,SAMN10392158,Metagenome or environmental,UTAH VALLEY UNIVERSITY,2018-02-25,public,sra,"gs,ncbi,s3","gs.US,ncbi.public,s3.us-east-1",SRX4995298,Singapore,Asia,Singapore: Sisters Coral Reef,AOO2250,Illumina MiSeq,Sisters_Sargassum_Vesicle,1.212338 N 103.833987 E,Sarg_Sisters_Ves_05_ITS1,PAIRED,PCR,METAGENOMIC,29,18,algae metagenome,ILLUMINA,2018-11-08T00:00:00Z,SRS4030425,Sarg_Sisters_Ves_05,SRP168175
SRR8174649,AMPLICON,602,PRJNA504438,SAMN10392083,Metagenome or environmental,UTAH VALLEY UNIVERSITY,2018-02-21,public,sra,"gs,ncbi,s3","gs.US,ncbi.public,s3.us-east-1",SRX4995294,Singapore,Asia,Singapore: Semakau Coral Reef,AOO2175,Illumina MiSeq,Semakau_Sargassum_Vesicle,1.212615 N 103.759078 E,Sarg_Semakau_Ves_05_ITS1,PAIRED,PCR,METAGENOMIC,48,29,algae metagenome,ILLUMINA,2018-11-08T00:00:00Z,SRS4030421,Sarg_Semakau_Ves_05,SRP168175
SRR8174652,AMPLICON,602,PRJNA504438,SAMN10392074,Metagenome or environmental,UTAH VALLEY UNIVERSITY,2018-02-20,public,sra,"gs,ncbi,s3","gs.US,ncbi.public,s3.us-east-1",SRX4995291,Singapore,Asia,Singapore: Semakau Coral Reef,AOO2166,Illumina MiSeq,Semakau_Sargassum_Leaf,1.212615 N 103.759078 E,Sarg_Semakau_Leaf_04_ITS1,PAIRED,PCR,METAGENOMIC,30,19,algae metagenome,ILLUMINA,2018-11-08T00:00:00Z,SRS4030418,Sarg_Semakau_Leaf_04,SRP168175
SRR8174653,AMPLICON,602,PRJNA504438,SAMN10392075,Metagenome or environmental,UTAH VALLEY UNIVERSITY,2018-02-21,public,sra,"gs,ncbi,s3","gs.US,ncbi.public,s3.us-east-1",SRX4995290,Singapore,Asia,Singapore: Semakau Coral Reef,AOO2167,Illumina MiSeq,Semakau_Sargassum_Leaf,1.212615 N 103.759078 E,Sarg_Semakau_Leaf_05_ITS1,PAIRED,PCR,METAGENOMIC,44,28,algae metagenome,ILLUMINA,2018-11-08T00:00:00Z,SRS4030417,Sarg_Semakau_Leaf_05,SRP168175
SRR8174654,AMPLICON,602,PRJNA504438,SAMN10392080,Metagenome or environmental,UTAH VALLEY UNIVERSITY,2018-02-26,public,sra,"gs,ncbi,s3","gs.US,ncbi.public,s3.us-east-1",SRX4995289,Singapore,Asia,Singapore: Semakau Coral Reef,AOO2172,Illumina MiSeq,Semakau_Sargassum_Vesicle,1.212615 N 103.759078 E,Sarg_Semakau_Ves_02_ITS1,PAIRED,PCR,METAGENOMIC,15,9,algae metagenome,ILLUMINA,2018-11-08T00:00:00Z,SRS4030416,Sarg_Semakau_Ves_02,SRP168175
SRR8174657,AMPLICON,602,PRJNA504438,SAMN10392079,Metagenome or environmental,UTAH VALLEY UNIVERSITY,2018-02-25,public,sra,"gs,ncbi,s3","gs.US,ncbi.public,s3.us-east-1",SRX4995286,Singapore,Asia,Singapore: Semakau Coral Reef,AOO2171,Illumina MiSeq,Semakau_Sargassum_Vesicle,1.212615 N 103.759078 E,Sarg_Semakau_Ves_01_ITS1,PAIRED,PCR,METAGENOMIC,56,35,algae metagenome,ILLUMINA,2018-11-08T00:00:00Z,SRS4030413,Sarg_Semakau_Ves_01,SRP168175
SRR8174660,AMPLICON,602,PRJNA504438,SAMN10392138,Metagenome or environmental,UTAH VALLEY UNIVERSITY,2018-02-20,public,sra,"gs,ncbi,s3","gs.US,ncbi.public,s3.us-east-1",SRX4995283,Singapore,Asia,Singapore: Sisters Coral Reef,AOO2230,Illumina MiSeq,Sisters_Sargassum_Hold Fast,1.212338 N 103.833987 E,Sarg_Sisters_HF_02_ITS1,PAIRED,PCR,METAGENOMIC,28,18,algae metagenome,ILLUMINA,2018-11-08T00:00:00Z,SRS4030409,Sarg_Sisters_HF_02,SRP168175
SRR8174664,AMPLICON,602,PRJNA504438,SAMN10392134,Metagenome or environmental,UTAH VALLEY UNIVERSITY,2018-02-24,public,sra,"gs,ncbi,s3","gs.US,ncbi.public,s3.us-east-1",SRX4995279,Singapore,Asia,Singapore: St John Coral Reef,AOO2226,Illumina MiSeq,St John_Sargassum_Vesicle,1.220543 N 103.851841 E,Sarg_ST_John_Ves_06_ITS1,PAIRED,PCR,METAGENOMIC,38,24,algae metagenome,ILLUMINA,2018-11-08T00:00:00Z,SRS4030406,Sarg_ST_John_Ves_06,SRP168175
SRR8174665,AMPLICON,602,PRJNA504438,SAMN10392135,Metagenome or environmental,UTAH VALLEY UNIVERSITY,2018-02-25,public,sra,"gs,ncbi,s3","gs.US,ncbi.public,s3.us-east-1",SRX4995278,Singapore,Asia,Singapore: St John Coral Reef,AOO2227,Illumina MiSeq,St John_Sargassum_Vesicle,1.220543 N 103.851841 E,Sarg_ST_John_Ves_07_ITS1,PAIRED,PCR,METAGENOMIC,29,18,algae metagenome,ILLUMINA,2018-11-08T00:00:00Z,SRS4030405,Sarg_ST_John_Ves_07,SRP168175
SRR8174667,AMPLICON,602,PRJNA504438,SAMN10392137,Metagenome or environmental,UTAH VALLEY UNIVERSITY,2018-02-27,public,sra,"gs,ncbi,s3","gs.US,ncbi.public,s3.us-east-1",SRX4995276,Singapore,Asia,Singapore: Sisters Coral Reef,AOO2229,Illumina MiSeq,Sisters_Sargassum_Hold Fast,1.212338 N 103.833987 E,Sarg_Sisters_HF_01_ITS1,PAIRED,PCR,METAGENOMIC,20,12,algae metagenome,ILLUMINA,2018-11-08T00:00:00Z,SRS4030403,Sarg_Sisters_HF_01,SRP168175
SRR8174668,AMPLICON,602,PRJNA504438,SAMN10392145,Metagenome or environmental,UTAH VALLEY UNIVERSITY,2018-02-27,public,sra,"gs,ncbi,s3","gs.US,ncbi.public,s3.us-east-1",SRX4995275,Singapore,Asia,Singapore: Sisters Coral Reef,AOO2237,Illumina MiSeq,Sisters_Sargassum_Leaf,1.212338 N 103.833987 E,Sarg_Sisters_Leaf_01_ITS1,PAIRED,PCR,METAGENOMIC,27,17,algae metagenome,ILLUMINA,2018-11-08T00:00:00Z,SRS4030402,Sarg_Sisters_Leaf_01,SRP168175
SRR8174671,AMPLICON,602,PRJNA504438,SAMN10392146,Metagenome or environmental,UTAH VALLEY UNIVERSITY,2018-02-20,public,sra,"gs,ncbi,s3","gs.US,ncbi.public,s3.us-east-1",SRX4995272,Singapore,Asia,Singapore: Sisters Coral Reef,AOO2238,Illumina MiSeq,Sisters_Sargassum_Leaf,1.212338 N 103.833987 E,Sarg_Sisters_Leaf_02_ITS1,PAIRED,PCR,METAGENOMIC,29,18,algae metagenome,ILLUMINA,2018-11-08T00:00:00Z,SRS4030399,Sarg_Sisters_Leaf_02,SRP168175
SRR8174672,AMPLICON,602,PRJNA504438,SAMN10392149,Metagenome or environmental,UTAH VALLEY UNIVERSITY,2018-02-23,public,sra,"gs,ncbi,s3","gs.US,ncbi.public,s3.us-east-1",SRX4995271,Singapore,Asia,Singapore: Sisters Coral Reef,AOO2241,Illumina MiSeq,Sisters_Sargassum_Leaf,1.212338 N 103.833987 E,Sarg_Sisters_Leaf_04_ITS1,PAIRED,PCR,METAGENOMIC,12,7,algae metagenome,ILLUMINA,2018-11-08T00:00:00Z,SRS4030398,Sarg_Sisters_Leaf_04,SRP168175
SRR8174675,AMPLICON,602,PRJNA504438,SAMN10392150,Metagenome or environmental,UTAH VALLEY UNIVERSITY,2018-02-24,public,sra,"gs,ncbi,s3","gs.US,ncbi.public,s3.us-east-1",SRX4995268,Singapore,Asia,Singapore: Sisters Coral Reef,AOO2242,Illumina MiSeq,Sisters_Sargassum_Leaf,1.212338 N 103.833987 E,Sarg_Sisters_Leaf_05_ITS1,PAIRED,PCR,METAGENOMIC,45,28,algae metagenome,ILLUMINA,2018-11-08T00:00:00Z,SRS4030395,Sarg_Sisters_Leaf_05,SRP168175
SRR8174677,AMPLICON,602,PRJNA504438,SAMN10392152,Metagenome or environmental,UTAH VALLEY UNIVERSITY,2018-02-26,public,sra,"gs,ncbi,s3","gs.US,ncbi.public,s3.us-east-1",SRX4995266,Singapore,Asia,Singapore: Sisters Coral Reef,AOO2244,Illumina MiSeq,Sisters_Sargassum_Leaf,1.212338 N 103.833987 E,Sarg_Sisters_Leaf_07_ITS1,PAIRED,PCR,METAGENOMIC,12,7,algae metagenome,ILLUMINA,2018-11-08T00:00:00Z,SRS4030393,Sarg_Sisters_Leaf_07,SRP168175
SRR8174680,AMPLICON,602,PRJNA504438,SAMN10392027,Metagenome or environmental,UTAH VALLEY UNIVERSITY,2018-02-21,public,sra,"gs,ncbi,s3","gs.US,ncbi.public,s3.us-east-1",SRX4995263,Singapore,Asia,Singapore: Jong Coral Reef,AOO2119,Illumina MiSeq,Jong_Sargassum_Leaf,1.214168 N 103.786423 E,Sarg_Jong_Leaf_06_ITS1,PAIRED,PCR,METAGENOMIC,1,0,algae metagenome,ILLUMINA,2018-11-08T00:00:00Z,SRS4030390,Sarg_Jong_Leaf_06,SRP168175
SRR8174681,AMPLICON,602,PRJNA504438,SAMN10392026,Metagenome or environmental,UTAH VALLEY UNIVERSITY,2018-02-20,public,sra,"gs,ncbi,s3","gs.US,ncbi.public,s3.us-east-1",SRX4995262,Singapore,Asia,Singapore: Jong Coral Reef,AOO2118,Illumina MiSeq,Jong_Sargassum_Leaf,1.214168 N 103.786423 E,Sarg_Jong_Leaf_05_ITS1,PAIRED,PCR,METAGENOMIC,10,6,algae metagenome,ILLUMINA,2018-11-08T00:00:00Z,SRS4030389,Sarg_Jong_Leaf_05,SRP168175
SRR8174683,AMPLICON,602,PRJNA504438,SAMN10392024,Metagenome or environmental,UTAH VALLEY UNIVERSITY,2018-02-26,public,sra,"gs,ncbi,s3","gs.US,ncbi.public,s3.us-east-1",SRX4995260,Singapore,Asia,Singapore: Jong Coral Reef,AOO2116,Illumina MiSeq,Jong_Sargassum_Leaf,1.214168 N 103.786423 E,Sarg_Jong_Leaf_03_ITS1,PAIRED,PCR,METAGENOMIC,16,10,algae metagenome,ILLUMINA,2018-11-08T00:00:00Z,SRS4030387,Sarg_Jong_Leaf_03,SRP168175
SRR8174684,AMPLICON,602,PRJNA504438,SAMN10392073,Metagenome or environmental,UTAH VALLEY UNIVERSITY,2018-02-27,public,sra,"gs,ncbi,s3","gs.US,ncbi.public,s3.us-east-1",SRX4995259,Singapore,Asia,Singapore: Semakau Coral Reef,AOO2165,Illumina MiSeq,Semakau_Sargassum_Leaf,1.212615 N 103.759078 E,Sarg_Semakau_Leaf_03_ITS1,PAIRED,PCR,METAGENOMIC,43,26,algae metagenome,ILLUMINA,2018-11-08T00:00:00Z,SRS4030386,Sarg_Semakau_Leaf_03,SRP168175
SRR8174686,AMPLICON,602,PRJNA504438,SAMN10392031,Metagenome or environmental,UTAH VALLEY UNIVERSITY,2018-02-25,public,sra,"gs,ncbi,s3","gs.US,ncbi.public,s3.us-east-1",SRX4995257,Singapore,Asia,Singapore: Jong Coral Reef,AOO2123,Illumina MiSeq,Jong_Sargassum_Vesicle,1.214168 N 103.786423 E,Sarg_Jong_Ves_02_ITS1,PAIRED,PCR,METAGENOMIC,23,14,algae metagenome,ILLUMINA,2018-11-08T00:00:00Z,SRS4030384,Sarg_Jong_Ves_02,SRP168175
SRR8174699,AMPLICON,602,PRJNA504438,SAMN10392125,Metagenome or environmental,UTAH VALLEY UNIVERSITY,2018-02-23,public,sra,"gs,ncbi,s3","gs.US,ncbi.public,s3.us-east-1",SRX4995244,Singapore,Asia,Singapore: St John Coral Reef,AOO2217,Illumina MiSeq,St John_Sargassum_Leaf,1.220543 N 103.851841 E,Sarg_ST_John_Leaf_05_ITS1,PAIRED,PCR,METAGENOMIC,14,9,algae metagenome,ILLUMINA,2018-11-08T00:00:00Z,SRS4030371,Sarg_ST_John_Leaf_05,SRP168175
SRR8174701,AMPLICON,602,PRJNA504438,SAMN10392131,Metagenome or environmental,UTAH VALLEY UNIVERSITY,2018-02-21,public,sra,"gs,ncbi,s3","gs.US,ncbi.public,s3.us-east-1",SRX4995242,Singapore,Asia,Singapore: St John Coral Reef,AOO2223,Illumina MiSeq,St John_Sargassum_Vesicle,1.220543 N 103.851841 E,Sarg_ST_John_Ves_03_ITS1,PAIRED,PCR,METAGENOMIC,45,28,algae metagenome,ILLUMINA,2018-11-08T00:00:00Z,SRS4030369,Sarg_ST_John_Ves_03,SRP168175
SRR8174704,AMPLICON,602,PRJNA504438,SAMN10392128,Metagenome or environmental,UTAH VALLEY UNIVERSITY,2018-02-26,public,sra,"gs,ncbi,s3","gs.US,ncbi.public,s3.us-east-1",SRX4995239,Singapore,Asia,Singapore: St John Coral Reef,AOO2220,Illumina MiSeq,St John_Sargassum_Leaf,1.220543 N 103.851841 E,Sarg_ST_John_Leaf_08_ITS1,PAIRED,PCR,METAGENOMIC,61,41,algae metagenome,ILLUMINA,2018-11-08T00:00:00Z,SRS4030366,Sarg_ST_John_Leaf_08,SRP168175
SRR8174707,AMPLICON,602,PRJNA504438,SAMN10392043,Metagenome or environmental,UTAH VALLEY UNIVERSITY,2018-02-21,public,sra,"gs,ncbi,s3","gs.US,ncbi.public,s3.us-east-1",SRX4995236,Singapore,Asia,Singapore: Hantu Coral Reef,AOO2135,Illumina MiSeq,Hantu_Sargassum_Hold Fast,1.223054 N 103.748229 E,Sarg_Hantu_HF_06_ITS1,PAIRED,PCR,METAGENOMIC,52,34,algae metagenome,ILLUMINA,2018-11-08T00:00:00Z,SRS4030363,Sarg_Hantu_HF_06,SRP168175
SRR8174708,AMPLICON,602,PRJNA504438,SAMN10392034,Metagenome or environmental,UTAH VALLEY UNIVERSITY,2018-02-20,public,sra,"gs,ncbi,s3","gs.US,ncbi.public,s3.us-east-1",SRX4995235,Singapore,Asia,Singapore: Jong Coral Reef,AOO2126,Illumina MiSeq,Jong_Sargassum_Vesicle,1.214168 N 103.786423 E,Sarg_Jong_Ves_05_ITS1,PAIRED,PCR,METAGENOMIC,0,0,algae metagenome,ILLUMINA,2018-11-08T00:00:00Z,SRS4030362,Sarg_Jong_Ves_05,SRP168175
SRR8174711,AMPLICON,602,PRJNA504438,SAMN10392037,Metagenome or environmental,UTAH VALLEY UNIVERSITY,2018-02-23,public,sra,"gs,ncbi,s3","gs.US,ncbi.public,s3.us-east-1",SRX4995232,Singapore,Asia,Singapore: Jong Coral Reef,AOO2129,Illumina MiSeq,Jong_Sargassum_Vesicle,1.214168 N 103.786423 E,Sarg_Jong_Ves_08_ITS1,PAIRED,PCR,METAGENOMIC,2,1,algae metagenome,ILLUMINA,2018-11-08T00:00:00Z,SRS4030359,Sarg_Jong_Ves_08,SRP168175
SRR8174712,AMPLICON,602,PRJNA504438,SAMN10392038,Metagenome or environmental,UTAH VALLEY UNIVERSITY,2018-02-24,public,sra,"gs,ncbi,s3","gs.US,ncbi.public,s3.us-east-1",SRX4995231,Singapore,Asia,Singapore: Hantu Coral Reef,AOO2130,Illumina MiSeq,Hantu_Sargassum_Hold Fast,1.223054 N 103.748229 E,Sarg_Hantu_HF_01_ITS1,PAIRED,PCR,METAGENOMIC,20,13,algae metagenome,ILLUMINA,2018-11-08T00:00:00Z,SRS4030358,Sarg_Hantu_HF_01,SRP168175
SRR8174715,AMPLICON,602,PRJNA504438,SAMN10392041,Metagenome or environmental,UTAH VALLEY UNIVERSITY,2018-02-27,public,sra,"gs,ncbi,s3","gs.US,ncbi.public,s3.us-east-1",SRX4995228,Singapore,Asia,Singapore: Hantu Coral Reef,AOO2133,Illumina MiSeq,Hantu_Sargassum_Hold Fast,1.223054 N 103.748229 E,Sarg_Hantu_HF_04_ITS1,PAIRED,PCR,METAGENOMIC,38,23,algae metagenome,ILLUMINA,2018-11-08T00:00:00Z,SRS4030354,Sarg_Hantu_HF_04,SRP168175
SRR8174718,AMPLICON,602,PRJNA504438,SAMN10391966,Metagenome or environmental,UTAH VALLEY UNIVERSITY,2018-02-24,public,sra,"gs,ncbi,s3","gs.US,ncbi.public,s3.us-east-1",SRX4995225,Singapore,Asia,Singapore: TPL Coral Reef,AOO2058,Illumina MiSeq,TPL_Sargassum_Hold Fast,1.234695 N 103.721102 E,Sarg_TPL_HF_03_ITS1,PAIRED,PCR,METAGENOMIC,10,6,algae metagenome,ILLUMINA,2018-11-08T00:00:00Z,SRS4030352,Sarg_TPL_HF_03,SRP168175
SRR8174719,AMPLICON,602,PRJNA504438,SAMN10391967,Metagenome or environmental,UTAH VALLEY UNIVERSITY,2018-02-25,public,sra,"gs,ncbi,s3","gs.US,ncbi.public,s3.us-east-1",SRX4995224,Singapore,Asia,Singapore: TPL Coral Reef,AOO2059,Illumina MiSeq,TPL_Sargassum_Hold Fast,1.234695 N 103.721102 E,Sarg_TPL_HF_04_ITS1,PAIRED,PCR,METAGENOMIC,12,8,algae metagenome,ILLUMINA,2018-11-08T00:00:00Z,SRS4030351,Sarg_TPL_HF_04,SRP168175
SRR8174720,AMPLICON,602,PRJNA504438,SAMN10391964,Metagenome or environmental,UTAH VALLEY UNIVERSITY,2018-02-22,public,sra,"gs,ncbi,s3","gs.US,ncbi.public,s3.us-east-1",SRX4995223,Singapore,Asia,Singapore: TPL Coral Reef,AOO2056,Illumina MiSeq,TPL_Sargassum_Hold Fast,1.234695 N 103.721102 E,Sarg_TPL_HF_01_ITS1,PAIRED,PCR,METAGENOMIC,34,21,algae metagenome,ILLUMINA,2018-11-08T00:00:00Z,SRS4030350,Sarg_TPL_HF_01,SRP168175
SRR8174721,AMPLICON,602,PRJNA504438,SAMN10391965,Metagenome or environmental,UTAH VALLEY UNIVERSITY,2018-02-23,public,sra,"gs,ncbi,s3","gs.US,ncbi.public,s3.us-east-1",SRX4995222,Singapore,Asia,Singapore: TPL Coral Reef,AOO2057,Illumina MiSeq,TPL_Sargassum_Hold Fast,1.234695 N 103.721102 E,Sarg_TPL_HF_02_ITS1,PAIRED,PCR,METAGENOMIC,19,12,algae metagenome,ILLUMINA,2018-11-08T00:00:00Z,SRS4030349,Sarg_TPL_HF_02,SRP168175
SRR8174724,AMPLICON,602,PRJNA504438,SAMN10391968,Metagenome or environmental,UTAH VALLEY UNIVERSITY,2018-02-26,public,sra,"gs,ncbi,s3","gs.US,ncbi.public,s3.us-east-1",SRX4995219,Singapore,Asia,Singapore: TPL Coral Reef,AOO2060,Illumina MiSeq,TPL_Sargassum_Hold Fast,1.234695 N 103.721102 E,Sarg_TPL_HF_05_ITS1,PAIRED,PCR,METAGENOMIC,24,16,algae metagenome,ILLUMINA,2018-11-08T00:00:00Z,SRS4030346,Sarg_TPL_HF_05,SRP168175
SRR8174728,AMPLICON,602,PRJNA504438,SAMN10392118,Metagenome or environmental,UTAH VALLEY UNIVERSITY,2018-02-24,public,sra,"gs,ncbi,s3","gs.US,ncbi.public,s3.us-east-1",SRX4995215,Singapore,Asia,Singapore: St John Coral Reef,AOO2210,Illumina MiSeq,St John_Sargassum_Hold Fast,1.220543 N 103.851841 E,Sarg_ST_John_HF_06_ITS1,PAIRED,PCR,METAGENOMIC,19,13,algae metagenome,ILLUMINA,2018-11-08T00:00:00Z,SRS4030342,Sarg_ST_John_HF_06,SRP168175
SRR8174731,AMPLICON,602,PRJNA504438,SAMN10392117,Metagenome or environmental,UTAH VALLEY UNIVERSITY,2018-02-23,public,sra,"gs,ncbi,s3","gs.US,ncbi.public,s3.us-east-1",SRX4995212,Singapore,Asia,Singapore: St John Coral Reef,AOO2209,Illumina MiSeq,St John_Sargassum_Hold Fast,1.220543 N 103.851841 E,Sarg_ST_John_HF_05_ITS1,PAIRED,PCR,METAGENOMIC,15,10,algae metagenome,ILLUMINA,2018-11-08T00:00:00Z,SRS4030339,Sarg_ST_John_HF_05,SRP168175
SRR8174734,AMPLICON,602,PRJNA504438,SAMN10392122,Metagenome or environmental,UTAH VALLEY UNIVERSITY,2018-02-20,public,sra,"gs,ncbi,s3","gs.US,ncbi.public,s3.us-east-1",SRX4995209,Singapore,Asia,Singapore: St John Coral Reef,AOO2214,Illumina MiSeq,St John_Sargassum_Leaf,1.220543 N 103.851841 E,Sarg_ST_John_Leaf_02_ITS1,PAIRED,PCR,METAGENOMIC,35,22,algae metagenome,ILLUMINA,2018-11-08T00:00:00Z,SRS4030336,Sarg_ST_John_Leaf_02,SRP168175
SRR8174744,AMPLICON,602,PRJNA504438,SAMN10392006,Metagenome or environmental,UTAH VALLEY UNIVERSITY,2018-02-24,public,sra,"gs,ncbi,s3","gs.US,ncbi.public,s3.us-east-1",SRX4995199,Singapore,Asia,Singapore: TPT Coral Reef,AOO2098,Illumina MiSeq,TPT_Sargassum_Vesicle,1.226013 N 103.729599 E,Sarg_TPT_Ves_02_ITS1,PAIRED,PCR,METAGENOMIC,37,24,algae metagenome,ILLUMINA,2018-11-08T00:00:00Z,SRS4030326,Sarg_TPT_Ves_02,SRP168175
SRR8174745,AMPLICON,602,PRJNA504438,SAMN10392013,Metagenome or environmental,UTAH VALLEY UNIVERSITY,2018-02-23,public,sra,"gs,ncbi,s3","gs.US,ncbi.public,s3.us-east-1",SRX4995198,Singapore,Asia,Singapore: Jong Coral Reef,AOO2105,Illumina MiSeq,Jong_Sargassum_Hold Fast,1.214168 N 103.786423 E,Sarg_Jong_HF_01_ITS1,PAIRED,PCR,METAGENOMIC,0,0,algae metagenome,ILLUMINA,2018-11-08T00:00:00Z,SRS4030325,Sarg_Jong_HF_01,SRP168175
SRR8174746,AMPLICON,602,PRJNA504438,SAMN10392012,Metagenome or environmental,UTAH VALLEY UNIVERSITY,2018-02-22,public,sra,"gs,ncbi,s3","gs.US,ncbi.public,s3.us-east-1",SRX4995197,Singapore,Asia,Singapore: TPT Coral Reef,AOO2104,Illumina MiSeq,TPT_Sargassum_Vesicle,1.226013 N 103.729599 E,Sarg_TPT_Ves_08_ITS1,PAIRED,PCR,METAGENOMIC,34,21,algae metagenome,ILLUMINA,2018-11-08T00:00:00Z,SRS4030324,Sarg_TPT_Ves_08,SRP168175
SRR8174748,AMPLICON,602,PRJNA504438,SAMN10392108,Metagenome or environmental,UTAH VALLEY UNIVERSITY,2018-02-22,public,sra,"gs,ncbi,s3","gs.US,ncbi.public,s3.us-east-1",SRX4995195,Singapore,Asia,Singapore: Kusu Coral Reef,AOO2200,Illumina MiSeq,Kusu_Sargassum_Vesicle,1.222358 N 103.865050 E,Sarg_Kusu_Ves_05_ITS1,PAIRED,PCR,METAGENOMIC,27,17,algae metagenome,ILLUMINA,2018-11-08T00:00:00Z,SRS4030322,Sarg_Kusu_Ves_05,SRP168175
SRR8174749,AMPLICON,602,PRJNA504438,SAMN10392111,Metagenome or environmental,UTAH VALLEY UNIVERSITY,2018-02-25,public,sra,"gs,ncbi,s3","gs.US,ncbi.public,s3.us-east-1",SRX4995194,Singapore,Asia,Singapore: Kusu Coral Reef,AOO2203,Illumina MiSeq,Kusu_Sargassum_Vesicle,1.222358 N 103.865050 E,Sarg_Kusu_Ves_08_ITS1,PAIRED,PCR,METAGENOMIC,25,15,algae metagenome,ILLUMINA,2018-11-08T00:00:00Z,SRS4030321,Sarg_Kusu_Ves_08,SRP168175
SRR8174751,AMPLICON,602,PRJNA504438,SAMN10392105,Metagenome or environmental,UTAH VALLEY UNIVERSITY,2018-02-27,public,sra,"gs,ncbi,s3","gs.US,ncbi.public,s3.us-east-1",SRX4995192,Singapore,Asia,Singapore: Kusu Coral Reef,AOO2197,Illumina MiSeq,Kusu_Sargassum_Vesicle,1.222358 N 103.865050 E,Sarg_Kusu_Ves_02_ITS1,PAIRED,PCR,METAGENOMIC,4,2,algae metagenome,ILLUMINA,2018-11-08T00:00:00Z,SRS4030319,Sarg_Kusu_Ves_02,SRP168175
SRR8174753,AMPLICON,602,PRJNA504438,SAMN10392107,Metagenome or environmental,UTAH VALLEY UNIVERSITY,2018-02-21,public,sra,"gs,ncbi,s3","gs.US,ncbi.public,s3.us-east-1",SRX4995190,Singapore,Asia,Singapore: Kusu Coral Reef,AOO2199,Illumina MiSeq,Kusu_Sargassum_Vesicle,1.222358 N 103.865050 E,Sarg_Kusu_Ves_04_ITS1,PAIRED,PCR,METAGENOMIC,5,3,algae metagenome,ILLUMINA,2018-11-08T00:00:00Z,SRS4030317,Sarg_Kusu_Ves_04,SRP168175
SRR8174755,AMPLICON,602,PRJNA504438,SAMN10392113,Metagenome or environmental,UTAH VALLEY UNIVERSITY,2018-02-27,public,sra,"gs,ncbi,s3","gs.US,ncbi.public,s3.us-east-1",SRX4995188,Singapore,Asia,Singapore: St John Coral Reef,AOO2205,Illumina MiSeq,St John_Sargassum_Hold Fast,1.220543 N 103.851841 E,Sarg_ST_John_HF_02_ITS1,PAIRED,PCR,METAGENOMIC,71,45,algae metagenome,ILLUMINA,2018-11-08T00:00:00Z,SRS4030315,Sarg_ST_John_HF_02,SRP168175
SRR8174756,AMPLICON,602,PRJNA504438,SAMN10392112,Metagenome or environmental,UTAH VALLEY UNIVERSITY,2018-02-26,public,sra,"gs,ncbi,s3","gs.US,ncbi.public,s3.us-east-1",SRX4995187,Singapore,Asia,Singapore: St John Coral Reef,AOO2204,Illumina MiSeq,St John_Sargassum_Hold Fast,1.220543 N 103.851841 E,Sarg_ST_John_HF_01_ITS1,PAIRED,PCR,METAGENOMIC,39,26,algae metagenome,ILLUMINA,2018-11-08T00:00:00Z,SRS4030314,Sarg_ST_John_HF_01,SRP168175
SRR8174758,AMPLICON,602,PRJNA504438,SAMN10392021,Metagenome or environmental,UTAH VALLEY UNIVERSITY,2018-02-23,public,sra,"gs,ncbi,s3","gs.US,ncbi.public,s3.us-east-1",SRX4995185,Singapore,Asia,Singapore: Jong Coral Reef,AOO2113,Illumina MiSeq,Jong_Sargassum_Hold Fast,1.214168 N 103.786423 E,Sarg_Jong_HF_08_ITS1,PAIRED,PCR,METAGENOMIC,15,9,algae metagenome,ILLUMINA,2018-11-08T00:00:00Z,SRS4030312,Sarg_Jong_HF_08,SRP168175
SRR8174760,AMPLICON,602,PRJNA504438,SAMN10392019,Metagenome or environmental,UTAH VALLEY UNIVERSITY,2018-02-21,public,sra,"gs,ncbi,s3","gs.US,ncbi.public,s3.us-east-1",SRX4995183,Singapore,Asia,Singapore: Jong Coral Reef,AOO2111,Illumina MiSeq,Jong_Sargassum_Hold Fast,1.214168 N 103.786423 E,Sarg_Jong_HF_07_ITS1,PAIRED,PCR,METAGENOMIC,47,31,algae metagenome,ILLUMINA,2018-11-08T00:00:00Z,SRS4030310,Sarg_Jong_HF_07,SRP168175
SRR8174762,AMPLICON,602,PRJNA504438,SAMN10392017,Metagenome or environmental,UTAH VALLEY UNIVERSITY,2018-02-27,public,sra,"gs,ncbi,s3","gs.US,ncbi.public,s3.us-east-1",SRX4995181,Singapore,Asia,Singapore: Jong Coral Reef,AOO2109,Illumina MiSeq,Jong_Sargassum_Hold Fast,1.214168 N 103.786423 E,Sarg_Jong_HF_05_ITS1,PAIRED,PCR,METAGENOMIC,29,19,algae metagenome,ILLUMINA,2018-11-08T00:00:00Z,SRS4030308,Sarg_Jong_HF_05,SRP168175
SRR8174763,AMPLICON,602,PRJNA504438,SAMN10392014,Metagenome or environmental,UTAH VALLEY UNIVERSITY,2018-02-24,public,sra,"gs,ncbi,s3","gs.US,ncbi.public,s3.us-east-1",SRX4995180,Singapore,Asia,Singapore: Jong Coral Reef,AOO2106,Illumina MiSeq,Jong_Sargassum_Hold Fast,1.214168 N 103.786423 E,Sarg_Jong_HF_02_ITS1,PAIRED,PCR,METAGENOMIC,29,18,algae metagenome,ILLUMINA,2018-11-08T00:00:00Z,SRS4030307,Sarg_Jong_HF_02,SRP168175
SRR8174767,AMPLICON,602,PRJNA504438,SAMN10392094,Metagenome or environmental,UTAH VALLEY UNIVERSITY,2018-02-24,public,sra,"gs,ncbi,s3","gs.US,ncbi.public,s3.us-east-1",SRX4995176,Singapore,Asia,Singapore: Kusu Coral Reef,AOO2186,Illumina MiSeq,Kusu_Sargassum_Hold Fast,1.222358 N 103.865050 E,Sarg_Kusu_HF_07_ITS1,PAIRED,PCR,METAGENOMIC,30,19,algae metagenome,ILLUMINA,2018-11-08T00:00:00Z,SRS4030303,Sarg_Kusu_HF_07,SRP168175
SRR8174769,AMPLICON,602,PRJNA504438,SAMN10392096,Metagenome or environmental,UTAH VALLEY UNIVERSITY,2018-02-26,public,sra,"gs,ncbi,s3","gs.US,ncbi.public,s3.us-east-1",SRX4995174,Singapore,Asia,Singapore: Kusu Coral Reef,AOO2188,Illumina MiSeq,Kusu_Sargassum_Leaf,1.222358 N 103.865050 E,Sarg_Kusu_Leaf_01_ITS1,PAIRED,PCR,METAGENOMIC,53,31,algae metagenome,ILLUMINA,2018-11-08T00:00:00Z,SRS4030301,Sarg_Kusu_Leaf_01,SRP168175
SRR8174770,AMPLICON,602,PRJNA504438,SAMN10392097,Metagenome or environmental,UTAH VALLEY UNIVERSITY,2018-02-27,public,sra,"gs,ncbi,s3","gs.US,ncbi.public,s3.us-east-1",SRX4995173,Singapore,Asia,Singapore: Kusu Coral Reef,AOO2189,Illumina MiSeq,Kusu_Sargassum_Leaf,1.222358 N 103.865050 E,Sarg_Kusu_Leaf_02_ITS1,PAIRED,PCR,METAGENOMIC,56,34,algae metagenome,ILLUMINA,2018-11-08T00:00:00Z,SRS4030300,Sarg_Kusu_Leaf_02,SRP168175
SRR8174773,AMPLICON,602,PRJNA504438,SAMN10392100,Metagenome or environmental,UTAH VALLEY UNIVERSITY,2018-02-22,public,sra,"gs,ncbi,s3","gs.US,ncbi.public,s3.us-east-1",SRX4995170,Singapore,Asia,Singapore: Kusu Coral Reef,AOO2192,Illumina MiSeq,Kusu_Sargassum_Leaf,1.222358 N 103.865050 E,Sarg_Kusu_Leaf_05_ITS1,PAIRED,PCR,METAGENOMIC,37,23,algae metagenome,ILLUMINA,2018-11-08T00:00:00Z,SRS4030297,Sarg_Kusu_Leaf_05,SRP168175
SRR8174775,AMPLICON,602,PRJNA504438,SAMN10392102,Metagenome or environmental,UTAH VALLEY UNIVERSITY,2018-02-24,public,sra,"gs,ncbi,s3","gs.US,ncbi.public,s3.us-east-1",SRX4995168,Singapore,Asia,Singapore: Kusu Coral Reef,AOO2194,Illumina MiSeq,Kusu_Sargassum_Leaf,1.222358 N 103.865050 E,Sarg_Kusu_Leaf_07_ITS1,PAIRED,PCR,METAGENOMIC,37,22,algae metagenome,ILLUMINA,2018-11-08T00:00:00Z,SRS4030295,Sarg_Kusu_Leaf_07,SRP168175
SRR8174778,AMPLICON,602,PRJNA504438,SAMN10391986,Metagenome or environmental,UTAH VALLEY UNIVERSITY,2018-02-20,public,sra,"gs,ncbi,s3","gs.US,ncbi.public,s3.us-east-1",SRX4995165,Singapore,Asia,Singapore: TPL Coral Reef,AOO2078,Illumina MiSeq,TPL_Sargassum_Vesicle,1.234695 N 103.721102 E,Sarg_TPL_Ves_07_ITS1,PAIRED,PCR,METAGENOMIC,24,15,algae metagenome,ILLUMINA,2018-11-08T00:00:00Z,SRS4030292,Sarg_TPL_Ves_07,SRP168175
SRR8174780,AMPLICON,602,PRJNA504438,SAMN10391984,Metagenome or environmental,UTAH VALLEY UNIVERSITY,2018-02-26,public,sra,"gs,ncbi,s3","gs.US,ncbi.public,s3.us-east-1",SRX4995163,Singapore,Asia,Singapore: TPL Coral Reef,AOO2076,Illumina MiSeq,TPL_Sargassum_Vesicle,1.234695 N 103.721102 E,Sarg_TPL_Ves_05_ITS1,PAIRED,PCR,METAGENOMIC,30,19,algae metagenome,ILLUMINA,2018-11-08T00:00:00Z,SRS4030290,Sarg_TPL_Ves_05,SRP168175
SRR8174782,AMPLICON,602,PRJNA504438,SAMN10391990,Metagenome or environmental,UTAH VALLEY UNIVERSITY,2018-02-24,public,sra,"gs,ncbi,s3","gs.US,ncbi.public,s3.us-east-1",SRX4995161,Singapore,Asia,Singapore: TPT Coral Reef,AOO2082,Illumina MiSeq,TPT_Sargassum_Hold Fast,1.226013 N 103.729599 E,Sarg_TPT_HF_02_ITS1,PAIRED,PCR,METAGENOMIC,20,13,algae metagenome,ILLUMINA,2018-11-08T00:00:00Z,SRS4030288,Sarg_TPT_HF_02,SRP168175
SRR8174784,AMPLICON,602,PRJNA504438,SAMN10391988,Metagenome or environmental,UTAH VALLEY UNIVERSITY,2018-02-22,public,sra,"gs,ncbi,s3","gs.US,ncbi.public,s3.us-east-1",SRX4995159,Singapore,Asia,Singapore: Blank Coral Reef,AOO2080,Illumina MiSeq,Blank_Blank_Blank,1.234695 N 103.721102 E,Sarg_Blank_1_ITS1,PAIRED,PCR,METAGENOMIC,0,0,algae metagenome,ILLUMINA,2018-11-08T00:00:00Z,SRS4030286,Sarg_Blank_1,SRP168175
SRR8174787,AMPLICON,602,PRJNA504438,SAMN10392033,Metagenome or environmental,UTAH VALLEY UNIVERSITY,2018-02-27,public,sra,"gs,ncbi,s3","gs.US,ncbi.public,s3.us-east-1",SRX4995156,Singapore,Asia,Singapore: Jong Coral Reef,AOO2125,Illumina MiSeq,Jong_Sargassum_Vesicle,1.214168 N 103.786423 E,Sarg_Jong_Ves_04_ITS1,PAIRED,PCR,METAGENOMIC,12,8,algae metagenome,ILLUMINA,2018-11-08T00:00:00Z,SRS4030283,Sarg_Jong_Ves_04,SRP168175
SRR8174789,AMPLICON,602,PRJNA504438,SAMN10392003,Metagenome or environmental,UTAH VALLEY UNIVERSITY,2018-02-21,public,sra,"gs,ncbi,s3","gs.US,ncbi.public,s3.us-east-1",SRX4995154,Singapore,Asia,Singapore: TPT Coral Reef,AOO2095,Illumina MiSeq,TPT_Sargassum_Leaf,1.226013 N 103.729599 E,Sarg_TPT_Leaf_07_ITS1,PAIRED,PCR,METAGENOMIC,19,12,algae metagenome,ILLUMINA,2018-11-08T00:00:00Z,SRS4030281,Sarg_TPT_Leaf_07,SRP168175
SRR8174790,AMPLICON,602,PRJNA504438,SAMN10391998,Metagenome or environmental,UTAH VALLEY UNIVERSITY,2018-02-24,public,sra,"gs,ncbi,s3","gs.US,ncbi.public,s3.us-east-1",SRX4995153,Singapore,Asia,Singapore: TPT Coral Reef,AOO2090,Illumina MiSeq,TPT_Sargassum_Leaf,1.226013 N 103.729599 E,Sarg_TPT_Leaf_02_ITS1,PAIRED,PCR,METAGENOMIC,30,18,algae metagenome,ILLUMINA,2018-11-08T00:00:00Z,SRS4030280,Sarg_TPT_Leaf_02,SRP168175
SRR8174791,AMPLICON,602,PRJNA504438,SAMN10391999,Metagenome or environmental,UTAH VALLEY UNIVERSITY,2018-02-25,public,sra,"gs,ncbi,s3","gs.US,ncbi.public,s3.us-east-1",SRX4995152,Singapore,Asia,Singapore: TPT Coral Reef,AOO2091,Illumina MiSeq,TPT_Sargassum_Leaf,1.226013 N 103.729599 E,Sarg_TPT_Leaf_03_ITS1,PAIRED,PCR,METAGENOMIC,40,23,algae metagenome,ILLUMINA,2018-11-08T00:00:00Z,SRS4030279,Sarg_TPT_Leaf_03,SRP168175
SRR8174792,AMPLICON,602,PRJNA504438,SAMN10392000,Metagenome or environmental,UTAH VALLEY UNIVERSITY,2018-02-26,public,sra,"gs,ncbi,s3","gs.US,ncbi.public,s3.us-east-1",SRX4995151,Singapore,Asia,Singapore: TPT Coral Reef,AOO2092,Illumina MiSeq,TPT_Sargassum_Leaf,1.226013 N 103.729599 E,Sarg_TPT_Leaf_04_ITS1,PAIRED,PCR,METAGENOMIC,30,18,algae metagenome,ILLUMINA,2018-11-08T00:00:00Z,SRS4030278,Sarg_TPT_Leaf_04,SRP168175
SRR8174794,AMPLICON,602,PRJNA504438,SAMN10391994,Metagenome or environmental,UTAH VALLEY UNIVERSITY,2018-02-20,public,sra,"gs,ncbi,s3","gs.US,ncbi.public,s3.us-east-1",SRX4995149,Singapore,Asia,Singapore: TPT Coral Reef,AOO2086,Illumina MiSeq,TPT_Sargassum_Hold Fast,1.226013 N 103.729599 E,Sarg_TPT_HF_06_ITS1,PAIRED,PCR,METAGENOMIC,29,19,algae metagenome,ILLUMINA,2018-11-08T00:00:00Z,SRS4030276,Sarg_TPT_HF_06,SRP168175
SRR8174795,AMPLICON,602,PRJNA504438,SAMN10391995,Metagenome or environmental,UTAH VALLEY UNIVERSITY,2018-02-21,public,sra,"gs,ncbi,s3","gs.US,ncbi.public,s3.us-east-1",SRX4995148,Singapore,Asia,Singapore: TPT Coral Reef,AOO2087,Illumina MiSeq,TPT_Sargassum_Hold Fast,1.226013 N 103.729599 E,Sarg_TPT_HF_07_ITS1,PAIRED,PCR,METAGENOMIC,43,29,algae metagenome,ILLUMINA,2018-11-08T00:00:00Z,SRS4030275,Sarg_TPT_HF_07,SRP168175
SRR8174797,AMPLICON,602,PRJNA504438,SAMN10391997,Metagenome or environmental,UTAH VALLEY UNIVERSITY,2018-02-23,public,sra,"gs,ncbi,s3","gs.US,ncbi.public,s3.us-east-1",SRX4995146,Singapore,Asia,Singapore: TPT Coral Reef,AOO2089,Illumina MiSeq,TPT_Sargassum_Leaf,1.226013 N 103.729599 E,Sarg_TPT_Leaf_01_ITS1,PAIRED,PCR,METAGENOMIC,25,16,algae metagenome,ILLUMINA,2018-11-08T00:00:00Z,SRS4030273,Sarg_TPT_Leaf_01,SRP168175
SRR8174798,AMPLICON,602,PRJNA504438,SAMN10392045,Metagenome or environmental,UTAH VALLEY UNIVERSITY,2018-02-23,public,sra,"gs,ncbi,s3","gs.US,ncbi.public,s3.us-east-1",SRX4995145,Singapore,Asia,Singapore: Hantu Coral Reef,AOO2137,Illumina MiSeq,Hantu_Sargassum_Hold Fast,1.223054 N 103.748229 E,Sarg_Hantu_HF_08_ITS1,PAIRED,PCR,METAGENOMIC,34,23,algae metagenome,ILLUMINA,2018-11-08T00:00:00Z,SRS4030272,Sarg_Hantu_HF_08,SRP168175
SRR8174801,AMPLICON,602,PRJNA504438,SAMN10392046,Metagenome or environmental,UTAH VALLEY UNIVERSITY,2018-02-24,public,sra,"gs,ncbi,s3","gs.US,ncbi.public,s3.us-east-1",SRX4995142,Singapore,Asia,Singapore: Hantu Coral Reef,AOO2138,Illumina MiSeq,Hantu_Sargassum_Leaf,1.223054 N 103.748229 E,Sarg_Hantu_Leaf_01_ITS1,PAIRED,PCR,METAGENOMIC,8,5,algae metagenome,ILLUMINA,2018-11-08T00:00:00Z,SRS4030269,Sarg_Hantu_Leaf_01,SRP168175
SRR8174802,AMPLICON,602,PRJNA504438,SAMN10392049,Metagenome or environmental,UTAH VALLEY UNIVERSITY,2018-02-27,public,sra,"gs,ncbi,s3","gs.US,ncbi.public,s3.us-east-1",SRX4995141,Singapore,Asia,Singapore: Hantu Coral Reef,AOO2141,Illumina MiSeq,Hantu_Sargassum_Leaf,1.223054 N 103.748229 E,Sarg_Hantu_Leaf_04_ITS1,PAIRED,PCR,METAGENOMIC,25,16,algae metagenome,ILLUMINA,2018-11-08T00:00:00Z,SRS4030268,Sarg_Hantu_Leaf_04,SRP168175
SRR8174804,AMPLICON,602,PRJNA504438,SAMN10392051,Metagenome or environmental,UTAH VALLEY UNIVERSITY,2018-02-21,public,sra,"gs,ncbi,s3","gs.US,ncbi.public,s3.us-east-1",SRX4995139,Singapore,Asia,Singapore: Hantu Coral Reef,AOO2143,Illumina MiSeq,Hantu_Sargassum_Leaf,1.223054 N 103.748229 E,Sarg_Hantu_Leaf_06_ITS1,PAIRED,PCR,METAGENOMIC,36,22,algae metagenome,ILLUMINA,2018-11-08T00:00:00Z,SRS4030266,Sarg_Hantu_Leaf_06,SRP168175
SRR8174805,AMPLICON,602,PRJNA504438,SAMN10392050,Metagenome or environmental,UTAH VALLEY UNIVERSITY,2018-02-20,public,sra,"gs,ncbi,s3","gs.US,ncbi.public,s3.us-east-1",SRX4995138,Singapore,Asia,Singapore: Hantu Coral Reef,AOO2142,Illumina MiSeq,Hantu_Sargassum_Leaf,1.223054 N 103.748229 E,Sarg_Hantu_Leaf_05_ITS1,PAIRED,PCR,METAGENOMIC,43,27,algae metagenome,ILLUMINA,2018-11-08T00:00:00Z,SRS4030265,Sarg_Hantu_Leaf_05,SRP168175
SRR8174807,AMPLICON,602,PRJNA504438,SAMN10392052,Metagenome or environmental,UTAH VALLEY UNIVERSITY,2018-02-22,public,sra,"gs,ncbi,s3","gs.US,ncbi.public,s3.us-east-1",SRX4995136,Singapore,Asia,Singapore: Blank Coral Reef,AOO2144,Illumina MiSeq,Blank_Blank_Blank,1.223054 N 103.748229 E,Sarg_Blank_3_ITS1,PAIRED,PCR,METAGENOMIC,0,0,algae metagenome,ILLUMINA,2018-11-08T00:00:00Z,SRS4030263,Sarg_Blank_3,SRP168175
SRR8174810,AMPLICON,602,PRJNA504438,SAMN10392091,Metagenome or environmental,UTAH VALLEY UNIVERSITY,2018-02-21,public,sra,"gs,ncbi,s3","gs.US,ncbi.public,s3.us-east-1",SRX4995133,Singapore,Asia,Singapore: Kusu Coral Reef,AOO2183,Illumina MiSeq,Kusu_Sargassum_Hold Fast,1.222358 N 103.865050 E,Sarg_Kusu_HF_04_ITS1,PAIRED,PCR,METAGENOMIC,45,28,algae metagenome,ILLUMINA,2018-11-08T00:00:00Z,SRS4030260,Sarg_Kusu_HF_04,SRP168175
SRR8174811,AMPLICON,602,PRJNA504438,SAMN10392090,Metagenome or environmental,UTAH VALLEY UNIVERSITY,2018-02-20,public,sra,"gs,ncbi,s3","gs.US,ncbi.public,s3.us-east-1",SRX4995132,Singapore,Asia,Singapore: Kusu Coral Reef,AOO2182,Illumina MiSeq,Kusu_Sargassum_Hold Fast,1.222358 N 103.865050 E,Sarg_Kusu_HF_03_ITS1,PAIRED,PCR,METAGENOMIC,47,29,algae metagenome,ILLUMINA,2018-11-08T00:00:00Z,SRS4030259,Sarg_Kusu_HF_03,SRP168175
SRR8174814,AMPLICON,602,PRJNA504438,SAMN10392087,Metagenome or environmental,UTAH VALLEY UNIVERSITY,2018-02-25,public,sra,"gs,ncbi,s3","gs.US,ncbi.public,s3.us-east-1",SRX4995129,Singapore,Asia,Singapore: Semakau Coral Reef,AOO2179,Illumina MiSeq,Semakau_Sargassum_Vesicle,1.212615 N 103.759078 E,Sarg_Semakau_Ves_08_ITS1,PAIRED,PCR,METAGENOMIC,17,11,algae metagenome,ILLUMINA,2018-11-08T00:00:00Z,SRS4030256,Sarg_Semakau_Ves_08,SRP168175
SRR8174816,AMPLICON,602,PRJNA504438,SAMN10392085,Metagenome or environmental,UTAH VALLEY UNIVERSITY,2018-02-23,public,sra,"gs,ncbi,s3","gs.US,ncbi.public,s3.us-east-1",SRX4995127,Singapore,Asia,Singapore: Semakau Coral Reef,AOO2177,Illumina MiSeq,Semakau_Sargassum_Vesicle,1.212615 N 103.759078 E,Sarg_Semakau_Ves_06_ITS1,PAIRED,PCR,METAGENOMIC,27,16,algae metagenome,ILLUMINA,2018-11-08T00:00:00Z,SRS4030254,Sarg_Semakau_Ves_06,SRP168175
SRR8174817,AMPLICON,602,PRJNA504438,SAMN10392084,Metagenome or environmental,UTAH VALLEY UNIVERSITY,2018-02-22,public,sra,"gs,ncbi,s3","gs.US,ncbi.public,s3.us-east-1",SRX4995126,Singapore,Asia,Singapore: Blank Coral Reef,AOO2176,Illumina MiSeq,Blank_Blank_Blank,1.212615 N 103.759078 E,Sarg_Blank_4_ITS1,PAIRED,PCR,METAGENOMIC,0,0,algae metagenome,ILLUMINA,2018-11-08T00:00:00Z,SRS4030253,Sarg_Blank_4,SRP168175
SRR8174620,AMPLICON,602,PRJNA504438,SAMN10392057,Metagenome or environmental,UTAH VALLEY UNIVERSITY,2018-02-27,public,sra,"gs,ncbi,s3","gs.US,ncbi.public,s3.us-east-1",SRX4995323,Singapore,Asia,Singapore: Hantu Coral Reef,AOO2149,Illumina MiSeq,Hantu_Sargassum_Vesicle,1.223054 N 103.748229 E,Sarg_Hantu_Ves_03_ITS1,PAIRED,PCR,METAGENOMIC,24,15,algae metagenome,ILLUMINA,2018-11-08T00:00:00Z,SRS4030450,Sarg_Hantu_Ves_03,SRP168175
SRR8174623,AMPLICON,602,PRJNA504438,SAMN10392060,Metagenome or environmental,UTAH VALLEY UNIVERSITY,2018-02-22,public,sra,"gs,ncbi,s3","gs.US,ncbi.public,s3.us-east-1",SRX4995320,Singapore,Asia,Singapore: Hantu Coral Reef,AOO2152,Illumina MiSeq,Hantu_Sargassum_Vesicle,1.223054 N 103.748229 E,Sarg_Hantu_Ves_06_ITS1,PAIRED,PCR,METAGENOMIC,26,16,algae metagenome,ILLUMINA,2018-11-08T00:00:00Z,SRS4030447,Sarg_Hantu_Ves_06,SRP168175
SRR8174625,AMPLICON,602,PRJNA504438,SAMN10392058,Metagenome or environmental,UTAH VALLEY UNIVERSITY,2018-02-20,public,sra,"gs,ncbi,s3","gs.US,ncbi.public,s3.us-east-1",SRX4995318,Singapore,Asia,Singapore: Hantu Coral Reef,AOO2150,Illumina MiSeq,Hantu_Sargassum_Vesicle,1.223054 N 103.748229 E,Sarg_Hantu_Ves_04_ITS1,PAIRED,PCR,METAGENOMIC,41,26,algae metagenome,ILLUMINA,2018-11-08T00:00:00Z,SRS4030446,Sarg_Hantu_Ves_04,SRP168175
SRR8174626,AMPLICON,602,PRJNA504438,SAMN10392059,Metagenome or environmental,UTAH VALLEY UNIVERSITY,2018-02-21,public,sra,"gs,ncbi,s3","gs.US,ncbi.public,s3.us-east-1",SRX4995317,Singapore,Asia,Singapore: Hantu Coral Reef,AOO2151,Illumina MiSeq,Hantu_Sargassum_Vesicle,1.223054 N 103.748229 E,Sarg_Hantu_Ves_05_ITS1,PAIRED,PCR,METAGENOMIC,22,13,algae metagenome,ILLUMINA,2018-11-08T00:00:00Z,SRS4030445,Sarg_Hantu_Ves_05,SRP168175
SRR8174627,AMPLICON,602,PRJNA504438,SAMN10392062,Metagenome or environmental,UTAH VALLEY UNIVERSITY,2018-02-24,public,sra,"gs,ncbi,s3","gs.US,ncbi.public,s3.us-east-1",SRX4995316,Singapore,Asia,Singapore: Hantu Coral Reef,AOO2154,Illumina MiSeq,Hantu_Sargassum_Vesicle,1.223054 N 103.748229 E,Sarg_Hantu_Ves_08_ITS1,PAIRED,PCR,METAGENOMIC,7,4,algae metagenome,ILLUMINA,2018-11-08T00:00:00Z,SRS4030443,Sarg_Hantu_Ves_08,SRP168175
SRR8174629,AMPLICON,602,PRJNA504438,SAMN10391982,Metagenome or environmental,UTAH VALLEY UNIVERSITY,2018-02-24,public,sra,"gs,ncbi,s3","gs.US,ncbi.public,s3.us-east-1",SRX4995314,Singapore,Asia,Singapore: TPL Coral Reef,AOO2074,Illumina MiSeq,TPL_Sargassum_Vesicle,1.234695 N 103.721102 E,Sarg_TPL_Ves_03_ITS1,PAIRED,PCR,METAGENOMIC,25,16,algae metagenome,ILLUMINA,2018-11-08T00:00:00Z,SRS4030441,Sarg_TPL_Ves_03,SRP168175
SRR8174632,AMPLICON,602,PRJNA504438,SAMN10391977,Metagenome or environmental,UTAH VALLEY UNIVERSITY,2018-02-27,public,sra,"gs,ncbi,s3","gs.US,ncbi.public,s3.us-east-1",SRX4995311,Singapore,Asia,Singapore: TPL Coral Reef,AOO2069,Illumina MiSeq,TPL_Sargassum_Leaf,1.234695 N 103.721102 E,Sarg_TPL_Leaf_06_ITS1,PAIRED,PCR,METAGENOMIC,15,9,algae metagenome,ILLUMINA,2018-11-08T00:00:00Z,SRS4030437,Sarg_TPL_Leaf_06,SRP168175
SRR8174633,AMPLICON,602,PRJNA504438,SAMN10391974,Metagenome or environmental,UTAH VALLEY UNIVERSITY,2018-02-24,public,sra,"gs,ncbi,s3","gs.US,ncbi.public,s3.us-east-1",SRX4995310,Singapore,Asia,Singapore: TPL Coral Reef,AOO2066,Illumina MiSeq,TPL_Sargassum_Leaf,1.234695 N 103.721102 E,Sarg_TPL_Leaf_03_ITS1,PAIRED,PCR,METAGENOMIC,19,12,algae metagenome,ILLUMINA,2018-11-08T00:00:00Z,SRS4030438,Sarg_TPL_Leaf_03,SRP168175
SRR8174637,AMPLICON,602,PRJNA504438,SAMN10391978,Metagenome or environmental,UTAH VALLEY UNIVERSITY,2018-02-20,public,sra,"gs,ncbi,s3","gs.US,ncbi.public,s3.us-east-1",SRX4995306,Singapore,Asia,Singapore: TPL Coral Reef,AOO2070,Illumina MiSeq,TPL_Sargassum_Leaf,1.234695 N 103.721102 E,Sarg_TPL_Leaf_07_ITS1,PAIRED,PCR,METAGENOMIC,60,39,algae metagenome,ILLUMINA,2018-11-08T00:00:00Z,SRS4030433,Sarg_TPL_Leaf_07,SRP168175
SRR8174641,AMPLICON,602,PRJNA504438,SAMN10392154,Metagenome or environmental,UTAH VALLEY UNIVERSITY,2018-02-20,public,sra,"gs,ncbi,s3","gs.US,ncbi.public,s3.us-east-1",SRX4995302,Singapore,Asia,Singapore: Sisters Coral Reef,AOO2246,Illumina MiSeq,Sisters_Sargassum_Vesicle,1.212338 N 103.833987 E,Sarg_Sisters_Ves_01_ITS1,PAIRED,PCR,METAGENOMIC,27,17,algae metagenome,ILLUMINA,2018-11-08T00:00:00Z,SRS4030429,Sarg_Sisters_Ves_01,SRP168175
SRR8174643,AMPLICON,602,PRJNA504438,SAMN10392160,Metagenome or environmental,UTAH VALLEY UNIVERSITY,2018-02-27,public,sra,"gs,ncbi,s3","gs.US,ncbi.public,s3.us-east-1",SRX4995300,Singapore,Asia,Singapore: Sisters Coral Reef,AOO2252,Illumina MiSeq,Sisters_Sargassum_Vesicle,1.212338 N 103.833987 E,Sarg_Sisters_Ves_07_ITS1,PAIRED,PCR,METAGENOMIC,49,32,algae metagenome,ILLUMINA,2018-11-08T00:00:00Z,SRS4030427,Sarg_Sisters_Ves_07,SRP168175
SRR8174644,AMPLICON,602,PRJNA504438,SAMN10392161,Metagenome or environmental,UTAH VALLEY UNIVERSITY,2018-02-20,public,sra,"gs,ncbi,s3","gs.US,ncbi.public,s3.us-east-1",SRX4995299,Singapore,Asia,Singapore: Sisters Coral Reef,AOO2253,Illumina MiSeq,Sisters_Sargassum_Vesicle,1.212338 N 103.833987 E,Sarg_Sisters_Ves_08_ITS1,PAIRED,PCR,METAGENOMIC,17,11,algae metagenome,ILLUMINA,2018-11-08T00:00:00Z,SRS4030426,Sarg_Sisters_Ves_08,SRP168175
SRR8174646,AMPLICON,602,PRJNA504438,SAMN10392159,Metagenome or environmental,UTAH VALLEY UNIVERSITY,2018-02-26,public,sra,"gs,ncbi,s3","gs.US,ncbi.public,s3.us-east-1",SRX4995297,Singapore,Asia,Singapore: Sisters Coral Reef,AOO2251,Illumina MiSeq,Sisters_Sargassum_Vesicle,1.212338 N 103.833987 E,Sarg_Sisters_Ves_06_ITS1,PAIRED,PCR,METAGENOMIC,15,9,algae metagenome,ILLUMINA,2018-11-08T00:00:00Z,SRS4030424,Sarg_Sisters_Ves_06,SRP168175
SRR8174647,AMPLICON,602,PRJNA504438,SAMN10392162,Metagenome or environmental,UTAH VALLEY UNIVERSITY,2018-02-21,public,sra,"gs,ncbi,s3","gs.US,ncbi.public,s3.us-east-1",SRX4995296,Singapore,Asia,Singapore: Blank Coral Reef,AOO2254,Illumina MiSeq,Blank_Blank_Blank,1.212338 N 103.833987 E,Sarg_Blank_7_ITS1,PAIRED,PCR,METAGENOMIC,0,0,algae metagenome,ILLUMINA,2018-11-08T00:00:00Z,SRS4030423,Sarg_Blank_7,SRP168175
SRR8174648,AMPLICON,602,PRJNA504438,SAMN10392082,Metagenome or environmental,UTAH VALLEY UNIVERSITY,2018-02-20,public,sra,"gs,ncbi,s3","gs.US,ncbi.public,s3.us-east-1",SRX4995295,Singapore,Asia,Singapore: Semakau Coral Reef,AOO2174,Illumina MiSeq,Semakau_Sargassum_Vesicle,1.212615 N 103.759078 E,Sarg_Semakau_Ves_04_ITS1,PAIRED,PCR,METAGENOMIC,39,24,algae metagenome,ILLUMINA,2018-11-08T00:00:00Z,SRS4030422,Sarg_Semakau_Ves_04,SRP168175
SRR8174650,AMPLICON,602,PRJNA504438,SAMN10392076,Metagenome or environmental,UTAH VALLEY UNIVERSITY,2018-02-22,public,sra,"gs,ncbi,s3","gs.US,ncbi.public,s3.us-east-1",SRX4995293,Singapore,Asia,Singapore: Semakau Coral Reef,AOO2168,Illumina MiSeq,Semakau_Sargassum_Leaf,1.212615 N 103.759078 E,Sarg_Semakau_Leaf_06_ITS1,PAIRED,PCR,METAGENOMIC,12,7,algae metagenome,ILLUMINA,2018-11-08T00:00:00Z,SRS4030420,Sarg_Semakau_Leaf_06,SRP168175
SRR8174651,AMPLICON,602,PRJNA504438,SAMN10392077,Metagenome or environmental,UTAH VALLEY UNIVERSITY,2018-02-23,public,sra,"gs,ncbi,s3","gs.US,ncbi.public,s3.us-east-1",SRX4995292,Singapore,Asia,Singapore: Semakau Coral Reef,AOO2169,Illumina MiSeq,Semakau_Sargassum_Leaf,1.212615 N 103.759078 E,Sarg_Semakau_Leaf_07_ITS1,PAIRED,PCR,METAGENOMIC,30,19,algae metagenome,ILLUMINA,2018-11-08T00:00:00Z,SRS4030419,Sarg_Semakau_Leaf_07,SRP168175
SRR8174655,AMPLICON,602,PRJNA504438,SAMN10392081,Metagenome or environmental,UTAH VALLEY UNIVERSITY,2018-02-27,public,sra,"gs,ncbi,s3","gs.US,ncbi.public,s3.us-east-1",SRX4995288,Singapore,Asia,Singapore: Semakau Coral Reef,AOO2173,Illumina MiSeq,Semakau_Sargassum_Vesicle,1.212615 N 103.759078 E,Sarg_Semakau_Ves_03_ITS1,PAIRED,PCR,METAGENOMIC,31,19,algae metagenome,ILLUMINA,2018-11-08T00:00:00Z,SRS4030415,Sarg_Semakau_Ves_03,SRP168175
SRR8174656,AMPLICON,602,PRJNA504438,SAMN10392078,Metagenome or environmental,UTAH VALLEY UNIVERSITY,2018-02-24,public,sra,"gs,ncbi,s3","gs.US,ncbi.public,s3.us-east-1",SRX4995287,Singapore,Asia,Singapore: Semakau Coral Reef,AOO2170,Illumina MiSeq,Semakau_Sargassum_Leaf,1.212615 N 103.759078 E,Sarg_Semakau_Leaf_08_ITS1,PAIRED,PCR,METAGENOMIC,14,9,algae metagenome,ILLUMINA,2018-11-08T00:00:00Z,SRS4030414,Sarg_Semakau_Leaf_08,SRP168175
SRR8174659,AMPLICON,602,PRJNA504438,SAMN10392143,Metagenome or environmental,UTAH VALLEY UNIVERSITY,2018-02-25,public,sra,"gs,ncbi,s3","gs.US,ncbi.public,s3.us-east-1",SRX4995284,Singapore,Asia,Singapore: Sisters Coral Reef,AOO2235,Illumina MiSeq,Sisters_Sargassum_Hold Fast,1.212338 N 103.833987 E,Sarg_Sisters_HF_07_ITS1,PAIRED,PCR,METAGENOMIC,35,23,algae metagenome,ILLUMINA,2018-11-08T00:00:00Z,SRS4030411,Sarg_Sisters_HF_07,SRP168175
SRR8174661,AMPLICON,602,PRJNA504438,SAMN10392139,Metagenome or environmental,UTAH VALLEY UNIVERSITY,2018-02-21,public,sra,"gs,ncbi,s3","gs.US,ncbi.public,s3.us-east-1",SRX4995282,Singapore,Asia,Singapore: Sisters Coral Reef,AOO2231,Illumina MiSeq,Sisters_Sargassum_Hold Fast,1.212338 N 103.833987 E,Sarg_Sisters_HF_03_ITS1,PAIRED,PCR,METAGENOMIC,44,28,algae metagenome,ILLUMINA,2018-11-08T00:00:00Z,SRS4030410,Sarg_Sisters_HF_03,SRP168175
SRR8174662,AMPLICON,602,PRJNA504438,SAMN10392140,Metagenome or environmental,UTAH VALLEY UNIVERSITY,2018-02-22,public,sra,"gs,ncbi,s3","gs.US,ncbi.public,s3.us-east-1",SRX4995281,Singapore,Asia,Singapore: Sisters Coral Reef,AOO2232,Illumina MiSeq,Sisters_Sargassum_Hold Fast,1.212338 N 103.833987 E,Sarg_Sisters_HF_04_ITS1,PAIRED,PCR,METAGENOMIC,1,0,algae metagenome,ILLUMINA,2018-11-08T00:00:00Z,SRS4030408,Sarg_Sisters_HF_04,SRP168175
SRR8174663,AMPLICON,602,PRJNA504438,SAMN10392141,Metagenome or environmental,UTAH VALLEY UNIVERSITY,2018-02-23,public,sra,"gs,ncbi,s3","gs.US,ncbi.public,s3.us-east-1",SRX4995280,Singapore,Asia,Singapore: Sisters Coral Reef,AOO2233,Illumina MiSeq,Sisters_Sargassum_Hold Fast,1.212338 N 103.833987 E,Sarg_Sisters_HF_05_ITS1,PAIRED,PCR,METAGENOMIC,13,8,algae metagenome,ILLUMINA,2018-11-08T00:00:00Z,SRS4030407,Sarg_Sisters_HF_05,SRP168175
SRR8174666,AMPLICON,602,PRJNA504438,SAMN10392136,Metagenome or environmental,UTAH VALLEY UNIVERSITY,2018-02-26,public,sra,"gs,ncbi,s3","gs.US,ncbi.public,s3.us-east-1",SRX4995277,Singapore,Asia,Singapore: St John Coral Reef,AOO2228,Illumina MiSeq,St John_Sargassum_Vesicle,1.220543 N 103.851841 E,Sarg_ST_John_Ves_08_ITS1,PAIRED,PCR,METAGENOMIC,23,14,algae metagenome,ILLUMINA,2018-11-08T00:00:00Z,SRS4030404,Sarg_ST_John_Ves_08,SRP168175
SRR8174669,AMPLICON,602,PRJNA504438,SAMN10392144,Metagenome or environmental,UTAH VALLEY UNIVERSITY,2018-02-26,public,sra,"gs,ncbi,s3","gs.US,ncbi.public,s3.us-east-1",SRX4995274,Singapore,Asia,Singapore: Sisters Coral Reef,AOO2236,Illumina MiSeq,Sisters_Sargassum_Hold Fast,1.212338 N 103.833987 E,Sarg_Sisters_HF_08_ITS1,PAIRED,PCR,METAGENOMIC,11,7,algae metagenome,ILLUMINA,2018-11-08T00:00:00Z,SRS4030401,Sarg_Sisters_HF_08,SRP168175
SRR8174670,AMPLICON,602,PRJNA504438,SAMN10392147,Metagenome or environmental,UTAH VALLEY UNIVERSITY,2018-02-21,public,sra,"gs,ncbi,s3","gs.US,ncbi.public,s3.us-east-1",SRX4995273,Singapore,Asia,Singapore: Sisters Coral Reef,AOO2239,Illumina MiSeq,Sisters_Sargassum_Leaf,1.212338 N 103.833987 E,Sarg_Sisters_Leaf_03_ITS1,PAIRED,PCR,METAGENOMIC,5,3,algae metagenome,ILLUMINA,2018-11-08T00:00:00Z,SRS4030400,Sarg_Sisters_Leaf_03,SRP168175
SRR8174673,AMPLICON,602,PRJNA504438,SAMN10392148,Metagenome or environmental,UTAH VALLEY UNIVERSITY,2018-02-22,public,sra,"gs,ncbi,s3","gs.US,ncbi.public,s3.us-east-1",SRX4995270,Singapore,Asia,Singapore: Blank Coral Reef,AOO2240,Illumina MiSeq,Blank_Blank_Blank,1.212338 N 103.833987 E,Sarg_Blank_6_ITS1,PAIRED,PCR,METAGENOMIC,0,0,algae metagenome,ILLUMINA,2018-11-08T00:00:00Z,SRS4030397,Sarg_Blank_6,SRP168175
SRR8174674,AMPLICON,602,PRJNA504438,SAMN10392151,Metagenome or environmental,UTAH VALLEY UNIVERSITY,2018-02-25,public,sra,"gs,ncbi,s3","gs.US,ncbi.public,s3.us-east-1",SRX4995269,Singapore,Asia,Singapore: Sisters Coral Reef,AOO2243,Illumina MiSeq,Sisters_Sargassum_Leaf,1.212338 N 103.833987 E,Sarg_Sisters_Leaf_06_ITS1,PAIRED,PCR,METAGENOMIC,41,26,algae metagenome,ILLUMINA,2018-11-08T00:00:00Z,SRS4030396,Sarg_Sisters_Leaf_06,SRP168175
SRR8174676,AMPLICON,602,PRJNA504438,SAMN10392153,Metagenome or environmental,UTAH VALLEY UNIVERSITY,2018-02-27,public,sra,"gs,ncbi,s3","gs.US,ncbi.public,s3.us-east-1",SRX4995267,Singapore,Asia,Singapore: Sisters Coral Reef,AOO2245,Illumina MiSeq,Sisters_Sargassum_Leaf,1.212338 N 103.833987 E,Sarg_Sisters_Leaf_08_ITS1,PAIRED,PCR,METAGENOMIC,61,38,algae metagenome,ILLUMINA,2018-11-08T00:00:00Z,SRS4030394,Sarg_Sisters_Leaf_08,SRP168175
SRR8174678,AMPLICON,602,PRJNA504438,SAMN10392029,Metagenome or environmental,UTAH VALLEY UNIVERSITY,2018-02-23,public,sra,"gs,ncbi,s3","gs.US,ncbi.public,s3.us-east-1",SRX4995265,Singapore,Asia,Singapore: Jong Coral Reef,AOO2121,Illumina MiSeq,Jong_Sargassum_Leaf,1.214168 N 103.786423 E,Sarg_Jong_Leaf_08_ITS1,PAIRED,PCR,METAGENOMIC,2,1,algae metagenome,ILLUMINA,2018-11-08T00:00:00Z,SRS4030392,Sarg_Jong_Leaf_08,SRP168175
SRR8174679,AMPLICON,602,PRJNA504438,SAMN10392028,Metagenome or environmental,UTAH VALLEY UNIVERSITY,2018-02-22,public,sra,"gs,ncbi,s3","gs.US,ncbi.public,s3.us-east-1",SRX4995264,Singapore,Asia,Singapore: Jong Coral Reef,AOO2120,Illumina MiSeq,Jong_Sargassum_Leaf,1.214168 N 103.786423 E,Sarg_Jong_Leaf_07_ITS1,PAIRED,PCR,METAGENOMIC,14,9,algae metagenome,ILLUMINA,2018-11-08T00:00:00Z,SRS4030391,Sarg_Jong_Leaf_07,SRP168175
SRR8174682,AMPLICON,602,PRJNA504438,SAMN10392025,Metagenome or environmental,UTAH VALLEY UNIVERSITY,2018-02-27,public,sra,"gs,ncbi,s3","gs.US,ncbi.public,s3.us-east-1",SRX4995261,Singapore,Asia,Singapore: Jong Coral Reef,AOO2117,Illumina MiSeq,Jong_Sargassum_Leaf,1.214168 N 103.786423 E,Sarg_Jong_Leaf_04_ITS1,PAIRED,PCR,METAGENOMIC,23,14,algae metagenome,ILLUMINA,2018-11-08T00:00:00Z,SRS4030388,Sarg_Jong_Leaf_04,SRP168175
SRR8174685,AMPLICON,602,PRJNA504438,SAMN10392072,Metagenome or environmental,UTAH VALLEY UNIVERSITY,2018-02-26,public,sra,"gs,ncbi,s3","gs.US,ncbi.public,s3.us-east-1",SRX4995258,Singapore,Asia,Singapore: Semakau Coral Reef,AOO2164,Illumina MiSeq,Semakau_Sargassum_Leaf,1.212615 N 103.759078 E,Sarg_Semakau_Leaf_02_ITS1,PAIRED,PCR,METAGENOMIC,35,22,algae metagenome,ILLUMINA,2018-11-08T00:00:00Z,SRS4030385,Sarg_Semakau_Leaf_02,SRP168175
SRR8174687,AMPLICON,602,PRJNA504438,SAMN10392065,Metagenome or environmental,UTAH VALLEY UNIVERSITY,2018-02-27,public,sra,"gs,ncbi,s3","gs.US,ncbi.public,s3.us-east-1",SRX4995256,Singapore,Asia,Singapore: Semakau Coral Reef,AOO2157,Illumina MiSeq,Semakau_Sargassum_Hold Fast,1.212615 N 103.759078 E,Sarg_Semakau_HF_03_ITS1,PAIRED,PCR,METAGENOMIC,7,4,algae metagenome,ILLUMINA,2018-11-08T00:00:00Z,SRS4030383,Sarg_Semakau_HF_03,SRP168175
SRR8174688,AMPLICON,602,PRJNA504438,SAMN10392064,Metagenome or environmental,UTAH VALLEY UNIVERSITY,2018-02-26,public,sra,"gs,ncbi,s3","gs.US,ncbi.public,s3.us-east-1",SRX4995255,Singapore,Asia,Singapore: Semakau Coral Reef,AOO2156,Illumina MiSeq,Semakau_Sargassum_Hold Fast,1.212615 N 103.759078 E,Sarg_Semakau_HF_02_ITS1,PAIRED,PCR,METAGENOMIC,46,30,algae metagenome,ILLUMINA,2018-11-08T00:00:00Z,SRS4030382,Sarg_Semakau_HF_02,SRP168175
SRR8174689,AMPLICON,602,PRJNA504438,SAMN10392067,Metagenome or environmental,UTAH VALLEY UNIVERSITY,2018-02-21,public,sra,"gs,ncbi,s3","gs.US,ncbi.public,s3.us-east-1",SRX4995254,Singapore,Asia,Singapore: Semakau Coral Reef,AOO2159,Illumina MiSeq,Semakau_Sargassum_Hold Fast,1.212615 N 103.759078 E,Sarg_Semakau_HF_05_ITS1,PAIRED,PCR,METAGENOMIC,0,0,algae metagenome,ILLUMINA,2018-11-08T00:00:00Z,SRS4030381,Sarg_Semakau_HF_05,SRP168175
SRR8174690,AMPLICON,602,PRJNA504438,SAMN10392066,Metagenome or environmental,UTAH VALLEY UNIVERSITY,2018-02-20,public,sra,"gs,ncbi,s3","gs.US,ncbi.public,s3.us-east-1",SRX4995253,Singapore,Asia,Singapore: Semakau Coral Reef,AOO2158,Illumina MiSeq,Semakau_Sargassum_Hold Fast,1.212615 N 103.759078 E,Sarg_Semakau_HF_04_ITS1,PAIRED,PCR,METAGENOMIC,16,10,algae metagenome,ILLUMINA,2018-11-08T00:00:00Z,SRS4030379,Sarg_Semakau_HF_04,SRP168175
SRR8174691,AMPLICON,602,PRJNA504438,SAMN10392069,Metagenome or environmental,UTAH VALLEY UNIVERSITY,2018-02-23,public,sra,"gs,ncbi,s3","gs.US,ncbi.public,s3.us-east-1",SRX4995252,Singapore,Asia,Singapore: Semakau Coral Reef,AOO2161,Illumina MiSeq,Semakau_Sargassum_Hold Fast,1.212615 N 103.759078 E,Sarg_Semakau_HF_07_ITS1,PAIRED,PCR,METAGENOMIC,54,34,algae metagenome,ILLUMINA,2018-11-08T00:00:00Z,SRS4030380,Sarg_Semakau_HF_07,SRP168175
SRR8174692,AMPLICON,602,PRJNA504438,SAMN10392068,Metagenome or environmental,UTAH VALLEY UNIVERSITY,2018-02-22,public,sra,"gs,ncbi,s3","gs.US,ncbi.public,s3.us-east-1",SRX4995251,Singapore,Asia,Singapore: Semakau Coral Reef,AOO2160,Illumina MiSeq,Semakau_Sargassum_Hold Fast,1.212615 N 103.759078 E,Sarg_Semakau_HF_06_ITS1,PAIRED,PCR,METAGENOMIC,31,20,algae metagenome,ILLUMINA,2018-11-08T00:00:00Z,SRS4030378,Sarg_Semakau_HF_06,SRP168175
SRR8174693,AMPLICON,602,PRJNA504438,SAMN10392071,Metagenome or environmental,UTAH VALLEY UNIVERSITY,2018-02-25,public,sra,"gs,ncbi,s3","gs.US,ncbi.public,s3.us-east-1",SRX4995250,Singapore,Asia,Singapore: Semakau Coral Reef,AOO2163,Illumina MiSeq,Semakau_Sargassum_Leaf,1.212615 N 103.759078 E,Sarg_Semakau_Leaf_01_ITS1,PAIRED,PCR,METAGENOMIC,37,25,algae metagenome,ILLUMINA,2018-11-08T00:00:00Z,SRS4030377,Sarg_Semakau_Leaf_01,SRP168175
SRR8174694,AMPLICON,602,PRJNA504438,SAMN10392070,Metagenome or environmental,UTAH VALLEY UNIVERSITY,2018-02-24,public,sra,"gs,ncbi,s3","gs.US,ncbi.public,s3.us-east-1",SRX4995249,Singapore,Asia,Singapore: Semakau Coral Reef,AOO2162,Illumina MiSeq,Semakau_Sargassum_Hold Fast,1.212615 N 103.759078 E,Sarg_Semakau_HF_08_ITS1,PAIRED,PCR,METAGENOMIC,69,47,algae metagenome,ILLUMINA,2018-11-08T00:00:00Z,SRS4030376,Sarg_Semakau_HF_08,SRP168175
SRR8174695,AMPLICON,602,PRJNA504438,SAMN10392133,Metagenome or environmental,UTAH VALLEY UNIVERSITY,2018-02-23,public,sra,"gs,ncbi,s3","gs.US,ncbi.public,s3.us-east-1",SRX4995248,Singapore,Asia,Singapore: St John Coral Reef,AOO2225,Illumina MiSeq,St John_Sargassum_Vesicle,1.220543 N 103.851841 E,Sarg_ST_John_Ves_05_ITS1,PAIRED,PCR,METAGENOMIC,33,21,algae metagenome,ILLUMINA,2018-11-08T00:00:00Z,SRS4030374,Sarg_ST_John_Ves_05,SRP168175
SRR8174696,AMPLICON,602,PRJNA504438,SAMN10392132,Metagenome or environmental,UTAH VALLEY UNIVERSITY,2018-02-22,public,sra,"gs,ncbi,s3","gs.US,ncbi.public,s3.us-east-1",SRX4995247,Singapore,Asia,Singapore: St John Coral Reef,AOO2224,Illumina MiSeq,St John_Sargassum_Vesicle,1.220543 N 103.851841 E,Sarg_ST_John_Ves_04_ITS1,PAIRED,PCR,METAGENOMIC,35,22,algae metagenome,ILLUMINA,2018-11-08T00:00:00Z,SRS4030375,Sarg_ST_John_Ves_04,SRP168175
SRR8174697,AMPLICON,602,PRJNA504438,SAMN10392127,Metagenome or environmental,UTAH VALLEY UNIVERSITY,2018-02-25,public,sra,"gs,ncbi,s3","gs.US,ncbi.public,s3.us-east-1",SRX4995246,Singapore,Asia,Singapore: St John Coral Reef,AOO2219,Illumina MiSeq,St John_Sargassum_Leaf,1.220543 N 103.851841 E,Sarg_ST_John_Leaf_07_ITS1,PAIRED,PCR,METAGENOMIC,69,43,algae metagenome,ILLUMINA,2018-11-08T00:00:00Z,SRS4030373,Sarg_ST_John_Leaf_07,SRP168175
SRR8174700,AMPLICON,602,PRJNA504438,SAMN10392124,Metagenome or environmental,UTAH VALLEY UNIVERSITY,2018-02-22,public,sra,"gs,ncbi,s3","gs.US,ncbi.public,s3.us-east-1",SRX4995243,Singapore,Asia,Singapore: St John Coral Reef,AOO2216,Illumina MiSeq,St John_Sargassum_Leaf,1.220543 N 103.851841 E,Sarg_ST_John_Leaf_04_ITS1,PAIRED,PCR,METAGENOMIC,31,19,algae metagenome,ILLUMINA,2018-11-08T00:00:00Z,SRS4030370,Sarg_ST_John_Leaf_04,SRP168175
SRR8174702,AMPLICON,602,PRJNA504438,SAMN10392130,Metagenome or environmental,UTAH VALLEY UNIVERSITY,2018-02-20,public,sra,"gs,ncbi,s3","gs.US,ncbi.public,s3.us-east-1",SRX4995241,Singapore,Asia,Singapore: St John Coral Reef,AOO2222,Illumina MiSeq,St John_Sargassum_Vesicle,1.220543 N 103.851841 E,Sarg_ST_John_Ves_02_ITS1,PAIRED,PCR,METAGENOMIC,46,30,algae metagenome,ILLUMINA,2018-11-08T00:00:00Z,SRS4030368,Sarg_ST_John_Ves_02,SRP168175
SRR8174703,AMPLICON,602,PRJNA504438,SAMN10392129,Metagenome or environmental,UTAH VALLEY UNIVERSITY,2018-02-27,public,sra,"gs,ncbi,s3","gs.US,ncbi.public,s3.us-east-1",SRX4995240,Singapore,Asia,Singapore: St John Coral Reef,AOO2221,Illumina MiSeq,St John_Sargassum_Vesicle,1.220543 N 103.851841 E,Sarg_ST_John_Ves_01_ITS1,PAIRED,PCR,METAGENOMIC,19,12,algae metagenome,ILLUMINA,2018-11-08T00:00:00Z,SRS4030367,Sarg_ST_John_Ves_01,SRP168175
SRR8174705,AMPLICON,602,PRJNA504438,SAMN10392032,Metagenome or environmental,UTAH VALLEY UNIVERSITY,2018-02-26,public,sra,"gs,ncbi,s3","gs.US,ncbi.public,s3.us-east-1",SRX4995238,Singapore,Asia,Singapore: Jong Coral Reef,AOO2124,Illumina MiSeq,Jong_Sargassum_Vesicle,1.214168 N 103.786423 E,Sarg_Jong_Ves_03_ITS1,PAIRED,PCR,METAGENOMIC,0,0,algae metagenome,ILLUMINA,2018-11-08T00:00:00Z,SRS4030365,Sarg_Jong_Ves_03,SRP168175
SRR8174706,AMPLICON,602,PRJNA504438,SAMN10392042,Metagenome or environmental,UTAH VALLEY UNIVERSITY,2018-02-20,public,sra,"gs,ncbi,s3","gs.US,ncbi.public,s3.us-east-1",SRX4995237,Singapore,Asia,Singapore: Hantu Coral Reef,AOO2134,Illumina MiSeq,Hantu_Sargassum_Hold Fast,1.223054 N 103.748229 E,Sarg_Hantu_HF_05_ITS1,PAIRED,PCR,METAGENOMIC,19,12,algae metagenome,ILLUMINA,2018-11-08T00:00:00Z,SRS4030364,Sarg_Hantu_HF_05,SRP168175
SRR8174709,AMPLICON,602,PRJNA504438,SAMN10392035,Metagenome or environmental,UTAH VALLEY UNIVERSITY,2018-02-21,public,sra,"gs,ncbi,s3","gs.US,ncbi.public,s3.us-east-1",SRX4995234,Singapore,Asia,Singapore: Jong Coral Reef,AOO2127,Illumina MiSeq,Jong_Sargassum_Vesicle,1.214168 N 103.786423 E,Sarg_Jong_Ves_06_ITS1,PAIRED,PCR,METAGENOMIC,0,0,algae metagenome,ILLUMINA,2018-11-08T00:00:00Z,SRS4030361,Sarg_Jong_Ves_06,SRP168175
SRR8174710,AMPLICON,602,PRJNA504438,SAMN10392036,Metagenome or environmental,UTAH VALLEY UNIVERSITY,2018-02-22,public,sra,"gs,ncbi,s3","gs.US,ncbi.public,s3.us-east-1",SRX4995233,Singapore,Asia,Singapore: Jong Coral Reef,AOO2128,Illumina MiSeq,Jong_Sargassum_Vesicle,1.214168 N 103.786423 E,Sarg_Jong_Ves_07_ITS1,PAIRED,PCR,METAGENOMIC,6,4,algae metagenome,ILLUMINA,2018-11-08T00:00:00Z,SRS4030360,Sarg_Jong_Ves_07,SRP168175
SRR8174713,AMPLICON,602,PRJNA504438,SAMN10392039,Metagenome or environmental,UTAH VALLEY UNIVERSITY,2018-02-25,public,sra,"gs,ncbi,s3","gs.US,ncbi.public,s3.us-east-1",SRX4995230,Singapore,Asia,Singapore: Hantu Coral Reef,AOO2131,Illumina MiSeq,Hantu_Sargassum_Hold Fast,1.223054 N 103.748229 E,Sarg_Hantu_HF_02_ITS1,PAIRED,PCR,METAGENOMIC,44,28,algae metagenome,ILLUMINA,2018-11-08T00:00:00Z,SRS4030357,Sarg_Hantu_HF_02,SRP168175
SRR8174714,AMPLICON,602,PRJNA504438,SAMN10392040,Metagenome or environmental,UTAH VALLEY UNIVERSITY,2018-02-26,public,sra,"gs,ncbi,s3","gs.US,ncbi.public,s3.us-east-1",SRX4995229,Singapore,Asia,Singapore: Hantu Coral Reef,AOO2132,Illumina MiSeq,Hantu_Sargassum_Hold Fast,1.223054 N 103.748229 E,Sarg_Hantu_HF_03_ITS1,PAIRED,PCR,METAGENOMIC,35,21,algae metagenome,ILLUMINA,2018-11-08T00:00:00Z,SRS4030356,Sarg_Hantu_HF_03,SRP168175
SRR8174716,AMPLICON,602,PRJNA504438,SAMN10391972,Metagenome or environmental,UTAH VALLEY UNIVERSITY,2018-02-22,public,sra,"gs,ncbi,s3","gs.US,ncbi.public,s3.us-east-1",SRX4995227,Singapore,Asia,Singapore: TPL Coral Reef,AOO2064,Illumina MiSeq,TPL_Sargassum_Leaf,1.234695 N 103.721102 E,Sarg_TPL_Leaf_01_ITS1,PAIRED,PCR,METAGENOMIC,22,13,algae metagenome,ILLUMINA,2018-11-08T00:00:00Z,SRS4030355,Sarg_TPL_Leaf_01,SRP168175
SRR8174717,AMPLICON,602,PRJNA504438,SAMN10391973,Metagenome or environmental,UTAH VALLEY UNIVERSITY,2018-02-23,public,sra,"gs,ncbi,s3","gs.US,ncbi.public,s3.us-east-1",SRX4995226,Singapore,Asia,Singapore: TPL Coral Reef,AOO2065,Illumina MiSeq,TPL_Sargassum_Leaf,1.234695 N 103.721102 E,Sarg_TPL_Leaf_02_ITS1,PAIRED,PCR,METAGENOMIC,27,16,algae metagenome,ILLUMINA,2018-11-08T00:00:00Z,SRS4030353,Sarg_TPL_Leaf_02,SRP168175
SRR8174722,AMPLICON,602,PRJNA504438,SAMN10391970,Metagenome or environmental,UTAH VALLEY UNIVERSITY,2018-02-20,public,sra,"gs,ncbi,s3","gs.US,ncbi.public,s3.us-east-1",SRX4995221,Singapore,Asia,Singapore: TPL Coral Reef,AOO2062,Illumina MiSeq,TPL_Sargassum_Hold Fast,1.234695 N 103.721102 E,Sarg_TPL_HF_07_ITS1,PAIRED,PCR,METAGENOMIC,39,24,algae metagenome,ILLUMINA,2018-11-08T00:00:00Z,SRS4030348,Sarg_TPL_HF_07,SRP168175
SRR8174723,AMPLICON,602,PRJNA504438,SAMN10391971,Metagenome or environmental,UTAH VALLEY UNIVERSITY,2018-02-21,public,sra,"gs,ncbi,s3","gs.US,ncbi.public,s3.us-east-1",SRX4995220,Singapore,Asia,Singapore: TPL Coral Reef,AOO2063,Illumina MiSeq,TPL_Sargassum_Hold Fast,1.234695 N 103.721102 E,Sarg_TPL_HF_08_ITS1,PAIRED,PCR,METAGENOMIC,86,54,algae metagenome,ILLUMINA,2018-11-08T00:00:00Z,SRS4030347,Sarg_TPL_HF_08,SRP168175
SRR8174725,AMPLICON,602,PRJNA504438,SAMN10391969,Metagenome or environmental,UTAH VALLEY UNIVERSITY,2018-02-27,public,sra,"gs,ncbi,s3","gs.US,ncbi.public,s3.us-east-1",SRX4995218,Singapore,Asia,Singapore: TPL Coral Reef,AOO2061,Illumina MiSeq,TPL_Sargassum_Hold Fast,1.234695 N 103.721102 E,Sarg_TPL_HF_06_ITS1,PAIRED,PCR,METAGENOMIC,19,12,algae metagenome,ILLUMINA,2018-11-08T00:00:00Z,SRS4030345,Sarg_TPL_HF_06,SRP168175
SRR8174726,AMPLICON,602,PRJNA504438,SAMN10392120,Metagenome or environmental,UTAH VALLEY UNIVERSITY,2018-02-26,public,sra,"gs,ncbi,s3","gs.US,ncbi.public,s3.us-east-1",SRX4995217,Singapore,Asia,Singapore: St John Coral Reef,AOO2212,Illumina MiSeq,St John_Sargassum_Hold Fast,1.220543 N 103.851841 E,Sarg_ST_John_HF_08_ITS1,PAIRED,PCR,METAGENOMIC,13,8,algae metagenome,ILLUMINA,2018-11-08T00:00:00Z,SRS4030344,Sarg_ST_John_HF_08,SRP168175
SRR8174727,AMPLICON,602,PRJNA504438,SAMN10392121,Metagenome or environmental,UTAH VALLEY UNIVERSITY,2018-02-27,public,sra,"gs,ncbi,s3","gs.US,ncbi.public,s3.us-east-1",SRX4995216,Singapore,Asia,Singapore: St John Coral Reef,AOO2213,Illumina MiSeq,St John_Sargassum_Leaf,1.220543 N 103.851841 E,Sarg_ST_John_Leaf_01_ITS1,PAIRED,PCR,METAGENOMIC,23,15,algae metagenome,ILLUMINA,2018-11-08T00:00:00Z,SRS4030343,Sarg_ST_John_Leaf_01,SRP168175
SRR8174729,AMPLICON,602,PRJNA504438,SAMN10392119,Metagenome or environmental,UTAH VALLEY UNIVERSITY,2018-02-25,public,sra,"gs,ncbi,s3","gs.US,ncbi.public,s3.us-east-1",SRX4995214,Singapore,Asia,Singapore: St John Coral Reef,AOO2211,Illumina MiSeq,St John_Sargassum_Hold Fast,1.220543 N 103.851841 E,Sarg_ST_John_HF_07_ITS1,PAIRED,PCR,METAGENOMIC,9,5,algae metagenome,ILLUMINA,2018-11-08T00:00:00Z,SRS4030341,Sarg_ST_John_HF_07,SRP168175
SRR8174730,AMPLICON,602,PRJNA504438,SAMN10392116,Metagenome or environmental,UTAH VALLEY UNIVERSITY,2018-02-22,public,sra,"gs,ncbi,s3","gs.US,ncbi.public,s3.us-east-1",SRX4995213,Singapore,Asia,Singapore: Blank Coral Reef,AOO2208,Illumina MiSeq,Blank_Blank_Blank,1.220543 N 103.851841 E,Sarg_Blank_5_ITS1,PAIRED,PCR,METAGENOMIC,0,0,algae metagenome,ILLUMINA,2018-11-08T00:00:00Z,SRS4030340,Sarg_Blank_5,SRP168175
SRR8174732,AMPLICON,602,PRJNA504438,SAMN10392114,Metagenome or environmental,UTAH VALLEY UNIVERSITY,2018-02-20,public,sra,"gs,ncbi,s3","gs.US,ncbi.public,s3.us-east-1",SRX4995211,Singapore,Asia,Singapore: St John Coral Reef,AOO2206,Illumina MiSeq,St John_Sargassum_Hold Fast,1.220543 N 103.851841 E,Sarg_ST_John_HF_03_ITS1,PAIRED,PCR,METAGENOMIC,36,23,algae metagenome,ILLUMINA,2018-11-08T00:00:00Z,SRS4030338,Sarg_ST_John_HF_03,SRP168175
SRR8174733,AMPLICON,602,PRJNA504438,SAMN10392115,Metagenome or environmental,UTAH VALLEY UNIVERSITY,2018-02-21,public,sra,"gs,ncbi,s3","gs.US,ncbi.public,s3.us-east-1",SRX4995210,Singapore,Asia,Singapore: St John Coral Reef,AOO2207,Illumina MiSeq,St John_Sargassum_Hold Fast,1.220543 N 103.851841 E,Sarg_ST_John_HF_04_ITS1,PAIRED,PCR,METAGENOMIC,7,4,algae metagenome,ILLUMINA,2018-11-08T00:00:00Z,SRS4030337,Sarg_ST_John_HF_04,SRP168175
SRR8174737,AMPLICON,602,PRJNA504438,SAMN10392009,Metagenome or environmental,UTAH VALLEY UNIVERSITY,2018-02-27,public,sra,"gs,ncbi,s3","gs.US,ncbi.public,s3.us-east-1",SRX4995206,Singapore,Asia,Singapore: TPT Coral Reef,AOO2101,Illumina MiSeq,TPT_Sargassum_Vesicle,1.226013 N 103.729599 E,Sarg_TPT_Ves_05_ITS1,PAIRED,PCR,METAGENOMIC,5,3,algae metagenome,ILLUMINA,2018-11-08T00:00:00Z,SRS4030333,Sarg_TPT_Ves_05,SRP168175
SRR8174738,AMPLICON,602,PRJNA504438,SAMN10392008,Metagenome or environmental,UTAH VALLEY UNIVERSITY,2018-02-26,public,sra,"gs,ncbi,s3","gs.US,ncbi.public,s3.us-east-1",SRX4995205,Singapore,Asia,Singapore: TPT Coral Reef,AOO2100,Illumina MiSeq,TPT_Sargassum_Vesicle,1.226013 N 103.729599 E,Sarg_TPT_Ves_04_ITS1,PAIRED,PCR,METAGENOMIC,1,1,algae metagenome,ILLUMINA,2018-11-08T00:00:00Z,SRS4030332,Sarg_TPT_Ves_04,SRP168175
SRR8174740,AMPLICON,602,PRJNA504438,SAMN10392010,Metagenome or environmental,UTAH VALLEY UNIVERSITY,2018-02-20,public,sra,"gs,ncbi,s3","gs.US,ncbi.public,s3.us-east-1",SRX4995203,Singapore,Asia,Singapore: TPT Coral Reef,AOO2102,Illumina MiSeq,TPT_Sargassum_Vesicle,1.226013 N 103.729599 E,Sarg_TPT_Ves_06_ITS1,PAIRED,PCR,METAGENOMIC,36,23,algae metagenome,ILLUMINA,2018-11-08T00:00:00Z,SRS4030330,Sarg_TPT_Ves_06,SRP168175
SRR8174741,AMPLICON,602,PRJNA504438,SAMN10392005,Metagenome or environmental,UTAH VALLEY UNIVERSITY,2018-02-23,public,sra,"gs,ncbi,s3","gs.US,ncbi.public,s3.us-east-1",SRX4995202,Singapore,Asia,Singapore: TPT Coral Reef,AOO2097,Illumina MiSeq,TPT_Sargassum_Vesicle,1.226013 N 103.729599 E,Sarg_TPT_Ves_01_ITS1,PAIRED,PCR,METAGENOMIC,0,0,algae metagenome,ILLUMINA,2018-11-08T00:00:00Z,SRS4030329,Sarg_TPT_Ves_01,SRP168175
SRR8174743,AMPLICON,602,PRJNA504438,SAMN10392007,Metagenome or environmental,UTAH VALLEY UNIVERSITY,2018-02-25,public,sra,"gs,ncbi,s3","gs.US,ncbi.public,s3.us-east-1",SRX4995200,Singapore,Asia,Singapore: TPT Coral Reef,AOO2099,Illumina MiSeq,TPT_Sargassum_Vesicle,1.226013 N 103.729599 E,Sarg_TPT_Ves_03_ITS1,PAIRED,PCR,METAGENOMIC,32,20,algae metagenome,ILLUMINA,2018-11-08T00:00:00Z,SRS4030327,Sarg_TPT_Ves_03,SRP168175
SRR8174747,AMPLICON,602,PRJNA504438,SAMN10392109,Metagenome or environmental,UTAH VALLEY UNIVERSITY,2018-02-23,public,sra,"gs,ncbi,s3","gs.US,ncbi.public,s3.us-east-1",SRX4995196,Singapore,Asia,Singapore: Kusu Coral Reef,AOO2201,Illumina MiSeq,Kusu_Sargassum_Vesicle,1.222358 N 103.865050 E,Sarg_Kusu_Ves_06_ITS1,PAIRED,PCR,METAGENOMIC,1,1,algae metagenome,ILLUMINA,2018-11-08T00:00:00Z,SRS4030323,Sarg_Kusu_Ves_06,SRP168175
SRR8174750,AMPLICON,602,PRJNA504438,SAMN10392110,Metagenome or environmental,UTAH VALLEY UNIVERSITY,2018-02-24,public,sra,"gs,ncbi,s3","gs.US,ncbi.public,s3.us-east-1",SRX4995193,Singapore,Asia,Singapore: Kusu Coral Reef,AOO2202,Illumina MiSeq,Kusu_Sargassum_Vesicle,1.222358 N 103.865050 E,Sarg_Kusu_Ves_07_ITS1,PAIRED,PCR,METAGENOMIC,2,1,algae metagenome,ILLUMINA,2018-11-08T00:00:00Z,SRS4030320,Sarg_Kusu_Ves_07,SRP168175
SRR8174752,AMPLICON,602,PRJNA504438,SAMN10392104,Metagenome or environmental,UTAH VALLEY UNIVERSITY,2018-02-26,public,sra,"gs,ncbi,s3","gs.US,ncbi.public,s3.us-east-1",SRX4995191,Singapore,Asia,Singapore: Kusu Coral Reef,AOO2196,Illumina MiSeq,Kusu_Sargassum_Vesicle,1.222358 N 103.865050 E,Sarg_Kusu_Ves_01_ITS1,PAIRED,PCR,METAGENOMIC,11,6,algae metagenome,ILLUMINA,2018-11-08T00:00:00Z,SRS4030318,Sarg_Kusu_Ves_01,SRP168175
SRR8174757,AMPLICON,602,PRJNA504438,SAMN10392020,Metagenome or environmental,UTAH VALLEY UNIVERSITY,2018-02-22,public,sra,"gs,ncbi,s3","gs.US,ncbi.public,s3.us-east-1",SRX4995186,Singapore,Asia,Singapore: Blank Coral Reef,AOO2112,Illumina MiSeq,Blank_Blank_Blank,1.214168 N 103.786423 E,Sarg_Blank_2_ITS1,PAIRED,PCR,METAGENOMIC,0,0,algae metagenome,ILLUMINA,2018-11-08T00:00:00Z,SRS4030313,Sarg_Blank_2,SRP168175
SRR8174761,AMPLICON,602,PRJNA504438,SAMN10392016,Metagenome or environmental,UTAH VALLEY UNIVERSITY,2018-02-26,public,sra,"gs,ncbi,s3","gs.US,ncbi.public,s3.us-east-1",SRX4995182,Singapore,Asia,Singapore: Jong Coral Reef,AOO2108,Illumina MiSeq,Jong_Sargassum_Hold Fast,1.214168 N 103.786423 E,Sarg_Jong_HF_04_ITS1,PAIRED,PCR,METAGENOMIC,1,1,algae metagenome,ILLUMINA,2018-11-08T00:00:00Z,SRS4030309,Sarg_Jong_HF_04,SRP168175
SRR8174764,AMPLICON,602,PRJNA504438,SAMN10392015,Metagenome or environmental,UTAH VALLEY UNIVERSITY,2018-02-25,public,sra,"gs,ncbi,s3","gs.US,ncbi.public,s3.us-east-1",SRX4995179,Singapore,Asia,Singapore: Jong Coral Reef,AOO2107,Illumina MiSeq,Jong_Sargassum_Hold Fast,1.214168 N 103.786423 E,Sarg_Jong_HF_03_ITS1,PAIRED,PCR,METAGENOMIC,12,7,algae metagenome,ILLUMINA,2018-11-08T00:00:00Z,SRS4030306,Sarg_Jong_HF_03,SRP168175
SRR8174765,AMPLICON,602,PRJNA504438,SAMN10392022,Metagenome or environmental,UTAH VALLEY UNIVERSITY,2018-02-24,public,sra,"gs,ncbi,s3","gs.US,ncbi.public,s3.us-east-1",SRX4995178,Singapore,Asia,Singapore: Jong Coral Reef,AOO2114,Illumina MiSeq,Jong_Sargassum_Leaf,1.214168 N 103.786423 E,Sarg_Jong_Leaf_01_ITS1,PAIRED,PCR,METAGENOMIC,3,2,algae metagenome,ILLUMINA,2018-11-08T00:00:00Z,SRS4030305,Sarg_Jong_Leaf_01,SRP168175
SRR8174766,AMPLICON,602,PRJNA504438,SAMN10392023,Metagenome or environmental,UTAH VALLEY UNIVERSITY,2018-02-25,public,sra,"gs,ncbi,s3","gs.US,ncbi.public,s3.us-east-1",SRX4995177,Singapore,Asia,Singapore: Jong Coral Reef,AOO2115,Illumina MiSeq,Jong_Sargassum_Leaf,1.214168 N 103.786423 E,Sarg_Jong_Leaf_02_ITS1,PAIRED,PCR,METAGENOMIC,0,0,algae metagenome,ILLUMINA,2018-11-08T00:00:00Z,SRS4030304,Sarg_Jong_Leaf_02,SRP168175
SRR8174768,AMPLICON,602,PRJNA504438,SAMN10392095,Metagenome or environmental,UTAH VALLEY UNIVERSITY,2018-02-25,public,sra,"gs,ncbi,s3","gs.US,ncbi.public,s3.us-east-1",SRX4995175,Singapore,Asia,Singapore: Kusu Coral Reef,AOO2187,Illumina MiSeq,Kusu_Sargassum_Hold Fast,1.222358 N 103.865050 E,Sarg_Kusu_HF_08_ITS1,PAIRED,PCR,METAGENOMIC,30,19,algae metagenome,ILLUMINA,2018-11-08T00:00:00Z,SRS4030302,Sarg_Kusu_HF_08,SRP168175
SRR8174771,AMPLICON,602,PRJNA504438,SAMN10392098,Metagenome or environmental,UTAH VALLEY UNIVERSITY,2018-02-20,public,sra,"gs,ncbi,s3","gs.US,ncbi.public,s3.us-east-1",SRX4995172,Singapore,Asia,Singapore: Kusu Coral Reef,AOO2190,Illumina MiSeq,Kusu_Sargassum_Leaf,1.222358 N 103.865050 E,Sarg_Kusu_Leaf_03_ITS1,PAIRED,PCR,METAGENOMIC,40,25,algae metagenome,ILLUMINA,2018-11-08T00:00:00Z,SRS4030299,Sarg_Kusu_Leaf_03,SRP168175
SRR8174774,AMPLICON,602,PRJNA504438,SAMN10392101,Metagenome or environmental,UTAH VALLEY UNIVERSITY,2018-02-23,public,sra,"gs,ncbi,s3","gs.US,ncbi.public,s3.us-east-1",SRX4995169,Singapore,Asia,Singapore: Kusu Coral Reef,AOO2193,Illumina MiSeq,Kusu_Sargassum_Leaf,1.222358 N 103.865050 E,Sarg_Kusu_Leaf_06_ITS1,PAIRED,PCR,METAGENOMIC,40,24,algae metagenome,ILLUMINA,2018-11-08T00:00:00Z,SRS4030296,Sarg_Kusu_Leaf_06,SRP168175
SRR8174776,AMPLICON,602,PRJNA504438,SAMN10392103,Metagenome or environmental,UTAH VALLEY UNIVERSITY,2018-02-25,public,sra,"gs,ncbi,s3","gs.US,ncbi.public,s3.us-east-1",SRX4995167,Singapore,Asia,Singapore: Kusu Coral Reef,AOO2195,Illumina MiSeq,Kusu_Sargassum_Leaf,1.222358 N 103.865050 E,Sarg_Kusu_Leaf_08_ITS1,PAIRED,PCR,METAGENOMIC,37,23,algae metagenome,ILLUMINA,2018-11-08T00:00:00Z,SRS4030294,Sarg_Kusu_Leaf_08,SRP168175
SRR8174777,AMPLICON,602,PRJNA504438,SAMN10391987,Metagenome or environmental,UTAH VALLEY UNIVERSITY,2018-02-21,public,sra,"gs,ncbi,s3","gs.US,ncbi.public,s3.us-east-1",SRX4995166,Singapore,Asia,Singapore: TPL Coral Reef,AOO2079,Illumina MiSeq,TPL_Sargassum_Vesicle,1.234695 N 103.721102 E,Sarg_TPL_Ves_08_ITS1,PAIRED,PCR,METAGENOMIC,29,17,algae metagenome,ILLUMINA,2018-11-08T00:00:00Z,SRS4030293,Sarg_TPL_Ves_08,SRP168175
SRR8174779,AMPLICON,602,PRJNA504438,SAMN10391985,Metagenome or environmental,UTAH VALLEY UNIVERSITY,2018-02-27,public,sra,"gs,ncbi,s3","gs.US,ncbi.public,s3.us-east-1",SRX4995164,Singapore,Asia,Singapore: TPL Coral Reef,AOO2077,Illumina MiSeq,TPL_Sargassum_Vesicle,1.234695 N 103.721102 E,Sarg_TPL_Ves_06_ITS1,PAIRED,PCR,METAGENOMIC,30,18,algae metagenome,ILLUMINA,2018-11-08T00:00:00Z,SRS4030291,Sarg_TPL_Ves_06,SRP168175
SRR8174781,AMPLICON,602,PRJNA504438,SAMN10391991,Metagenome or environmental,UTAH VALLEY UNIVERSITY,2018-02-25,public,sra,"gs,ncbi,s3","gs.US,ncbi.public,s3.us-east-1",SRX4995162,Singapore,Asia,Singapore: TPT Coral Reef,AOO2083,Illumina MiSeq,TPT_Sargassum_Hold Fast,1.226013 N 103.729599 E,Sarg_TPT_HF_03_ITS1,PAIRED,PCR,METAGENOMIC,3,2,algae metagenome,ILLUMINA,2018-11-08T00:00:00Z,SRS4030289,Sarg_TPT_HF_03,SRP168175
SRR8174783,AMPLICON,602,PRJNA504438,SAMN10391989,Metagenome or environmental,UTAH VALLEY UNIVERSITY,2018-02-23,public,sra,"gs,ncbi,s3","gs.US,ncbi.public,s3.us-east-1",SRX4995160,Singapore,Asia,Singapore: TPT Coral Reef,AOO2081,Illumina MiSeq,TPT_Sargassum_Hold Fast,1.226013 N 103.729599 E,Sarg_TPT_HF_01_ITS1,PAIRED,PCR,METAGENOMIC,22,14,algae metagenome,ILLUMINA,2018-11-08T00:00:00Z,SRS4030287,Sarg_TPT_HF_01,SRP168175
SRR8174785,AMPLICON,602,PRJNA504438,SAMN10391993,Metagenome or environmental,UTAH VALLEY UNIVERSITY,2018-02-27,public,sra,"gs,ncbi,s3","gs.US,ncbi.public,s3.us-east-1",SRX4995158,Singapore,Asia,Singapore: TPT Coral Reef,AOO2085,Illumina MiSeq,TPT_Sargassum_Hold Fast,1.226013 N 103.729599 E,Sarg_TPT_HF_05_ITS1,PAIRED,PCR,METAGENOMIC,22,14,algae metagenome,ILLUMINA,2018-11-08T00:00:00Z,SRS4030285,Sarg_TPT_HF_05,SRP168175
SRR8174786,AMPLICON,602,PRJNA504438,SAMN10391992,Metagenome or environmental,UTAH VALLEY UNIVERSITY,2018-02-26,public,sra,"gs,ncbi,s3","gs.US,ncbi.public,s3.us-east-1",SRX4995157,Singapore,Asia,Singapore: TPT Coral Reef,AOO2084,Illumina MiSeq,TPT_Sargassum_Hold Fast,1.226013 N 103.729599 E,Sarg_TPT_HF_04_ITS1,PAIRED,PCR,METAGENOMIC,18,12,algae metagenome,ILLUMINA,2018-11-08T00:00:00Z,SRS4030284,Sarg_TPT_HF_04,SRP168175
SRR8174788,AMPLICON,602,PRJNA504438,SAMN10392002,Metagenome or environmental,UTAH VALLEY UNIVERSITY,2018-02-20,public,sra,"gs,ncbi,s3","gs.US,ncbi.public,s3.us-east-1",SRX4995155,Singapore,Asia,Singapore: TPT Coral Reef,AOO2094,Illumina MiSeq,TPT_Sargassum_Leaf,1.226013 N 103.729599 E,Sarg_TPT_Leaf_06_ITS1,PAIRED,PCR,METAGENOMIC,49,32,algae metagenome,ILLUMINA,2018-11-08T00:00:00Z,SRS4030282,Sarg_TPT_Leaf_06,SRP168175
SRR8174796,AMPLICON,602,PRJNA504438,SAMN10391996,Metagenome or environmental,UTAH VALLEY UNIVERSITY,2018-02-22,public,sra,"gs,ncbi,s3","gs.US,ncbi.public,s3.us-east-1",SRX4995147,Singapore,Asia,Singapore: TPT Coral Reef,AOO2088,Illumina MiSeq,TPT_Sargassum_Hold Fast,1.226013 N 103.729599 E,Sarg_TPT_HF_08_ITS1,PAIRED,PCR,METAGENOMIC,25,16,algae metagenome,ILLUMINA,2018-11-08T00:00:00Z,SRS4030274,Sarg_TPT_HF_08,SRP168175
SRR8174800,AMPLICON,602,PRJNA504438,SAMN10392047,Metagenome or environmental,UTAH VALLEY UNIVERSITY,2018-02-25,public,sra,"gs,ncbi,s3","gs.US,ncbi.public,s3.us-east-1",SRX4995143,Singapore,Asia,Singapore: Hantu Coral Reef,AOO2139,Illumina MiSeq,Hantu_Sargassum_Leaf,1.223054 N 103.748229 E,Sarg_Hantu_Leaf_02_ITS1,PAIRED,PCR,METAGENOMIC,40,25,algae metagenome,ILLUMINA,2018-11-08T00:00:00Z,SRS4030270,Sarg_Hantu_Leaf_02,SRP168175
SRR8174803,AMPLICON,602,PRJNA504438,SAMN10392048,Metagenome or environmental,UTAH VALLEY UNIVERSITY,2018-02-26,public,sra,"gs,ncbi,s3","gs.US,ncbi.public,s3.us-east-1",SRX4995140,Singapore,Asia,Singapore: Hantu Coral Reef,AOO2140,Illumina MiSeq,Hantu_Sargassum_Leaf,1.223054 N 103.748229 E,Sarg_Hantu_Leaf_03_ITS1,PAIRED,PCR,METAGENOMIC,22,13,algae metagenome,ILLUMINA,2018-11-08T00:00:00Z,SRS4030267,Sarg_Hantu_Leaf_03,SRP168175
SRR8174806,AMPLICON,602,PRJNA504438,SAMN10392053,Metagenome or environmental,UTAH VALLEY UNIVERSITY,2018-02-23,public,sra,"gs,ncbi,s3","gs.US,ncbi.public,s3.us-east-1",SRX4995137,Singapore,Asia,Singapore: Hantu Coral Reef,AOO2145,Illumina MiSeq,Hantu_Sargassum_Leaf,1.223054 N 103.748229 E,Sarg_Hantu_Leaf_07_ITS1,PAIRED,PCR,METAGENOMIC,48,30,algae metagenome,ILLUMINA,2018-11-08T00:00:00Z,SRS4030264,Sarg_Hantu_Leaf_07,SRP168175
SRR8174808,AMPLICON,602,PRJNA504438,SAMN10392093,Metagenome or environmental,UTAH VALLEY UNIVERSITY,2018-02-23,public,sra,"gs,ncbi,s3","gs.US,ncbi.public,s3.us-east-1",SRX4995135,Singapore,Asia,Singapore: Kusu Coral Reef,AOO2185,Illumina MiSeq,Kusu_Sargassum_Hold Fast,1.222358 N 103.865050 E,Sarg_Kusu_HF_06_ITS1,PAIRED,PCR,METAGENOMIC,15,9,algae metagenome,ILLUMINA,2018-11-08T00:00:00Z,SRS4030262,Sarg_Kusu_HF_06,SRP168175
SRR8174809,AMPLICON,602,PRJNA504438,SAMN10392092,Metagenome or environmental,UTAH VALLEY UNIVERSITY,2018-02-22,public,sra,"gs,ncbi,s3","gs.US,ncbi.public,s3.us-east-1",SRX4995134,Singapore,Asia,Singapore: Kusu Coral Reef,AOO2184,Illumina MiSeq,Kusu_Sargassum_Hold Fast,1.222358 N 103.865050 E,Sarg_Kusu_HF_05_ITS1,PAIRED,PCR,METAGENOMIC,28,17,algae metagenome,ILLUMINA,2018-11-08T00:00:00Z,SRS4030261,Sarg_Kusu_HF_05,SRP168175
SRR8174812,AMPLICON,602,PRJNA504438,SAMN10392089,Metagenome or environmental,UTAH VALLEY UNIVERSITY,2018-02-27,public,sra,"gs,ncbi,s3","gs.US,ncbi.public,s3.us-east-1",SRX4995131,Singapore,Asia,Singapore: Kusu Coral Reef,AOO2181,Illumina MiSeq,Kusu_Sargassum_Hold Fast,1.222358 N 103.865050 E,Sarg_Kusu_HF_02_ITS1,PAIRED,PCR,METAGENOMIC,49,31,algae metagenome,ILLUMINA,2018-11-08T00:00:00Z,SRS4030258,Sarg_Kusu_HF_02,SRP168175
SRR8174813,AMPLICON,602,PRJNA504438,SAMN10392088,Metagenome or environmental,UTAH VALLEY UNIVERSITY,2018-02-26,public,sra,"gs,ncbi,s3","gs.US,ncbi.public,s3.us-east-1",SRX4995130,Singapore,Asia,Singapore: Kusu Coral Reef,AOO2180,Illumina MiSeq,Kusu_Sargassum_Hold Fast,1.222358 N 103.865050 E,Sarg_Kusu_HF_01_ITS1,PAIRED,PCR,METAGENOMIC,42,26,algae metagenome,ILLUMINA,2018-11-08T00:00:00Z,SRS4030257,Sarg_Kusu_HF_01,SRP168175
SRR8174815,AMPLICON,602,PRJNA504438,SAMN10392086,Metagenome or environmental,UTAH VALLEY UNIVERSITY,2018-02-24,public,sra,"gs,ncbi,s3","gs.US,ncbi.public,s3.us-east-1",SRX4995128,Singapore,Asia,Singapore: Semakau Coral Reef,AOO2178,Illumina MiSeq,Semakau_Sargassum_Vesicle,1.212615 N 103.759078 E,Sarg_Semakau_Ves_07_ITS1,PAIRED,PCR,METAGENOMIC,26,17,algae metagenome,ILLUMINA,2018-11-08T00:00:00Z,SRS4030255,Sarg_Semakau_Ves_07,SRP168175
SRR8174793,AMPLICON,602,PRJNA504438,SAMN10392001,Metagenome or environmental,UTAH VALLEY UNIVERSITY,2018-02-27,public,sra,"gs,ncbi,s3","gs.US,ncbi.public,s3.us-east-1",SRX4995150,Singapore,Asia,Singapore: TPT Coral Reef,AOO2093,Illumina MiSeq,TPT_Sargassum_Leaf,1.226013 N 103.729599 E,Sarg_TPT_Leaf_05_ITS1,PAIRED,PCR,METAGENOMIC,31,19,algae metagenome,ILLUMINA,2018-11-08T00:00:00Z,SRS4030277,Sarg_TPT_Leaf_05,SRP168175
SRR8174754,AMPLICON,602,PRJNA504438,SAMN10392106,Metagenome or environmental,UTAH VALLEY UNIVERSITY,2018-02-20,public,sra,"gs,ncbi,s3","gs.US,ncbi.public,s3.us-east-1",SRX4995189,Singapore,Asia,Singapore: Kusu Coral Reef,AOO2198,Illumina MiSeq,Kusu_Sargassum_Vesicle,1.222358 N 103.865050 E,Sarg_Kusu_Ves_03_ITS1,PAIRED,PCR,METAGENOMIC,9,5,algae metagenome,ILLUMINA,2018-11-08T00:00:00Z,SRS4030316,Sarg_Kusu_Ves_03,SRP168175
SRR8174736,AMPLICON,602,PRJNA504438,SAMN10392030,Metagenome or environmental,UTAH VALLEY UNIVERSITY,2018-02-24,public,sra,"gs,ncbi,s3","gs.US,ncbi.public,s3.us-east-1",SRX4995207,Singapore,Asia,Singapore: Jong Coral Reef,AOO2122,Illumina MiSeq,Jong_Sargassum_Vesicle,1.214168 N 103.786423 E,Sarg_Jong_Ves_01_ITS1,PAIRED,PCR,METAGENOMIC,3,2,algae metagenome,ILLUMINA,2018-11-08T00:00:00Z,SRS4030334,Sarg_Jong_Ves_01,SRP168175
SRR8174759,AMPLICON,602,PRJNA504438,SAMN10392018,Metagenome or environmental,UTAH VALLEY UNIVERSITY,2018-02-20,public,sra,"gs,ncbi,s3","gs.US,ncbi.public,s3.us-east-1",SRX4995184,Singapore,Asia,Singapore: Jong Coral Reef,AOO2110,Illumina MiSeq,Jong_Sargassum_Hold Fast,1.214168 N 103.786423 E,Sarg_Jong_HF_06_ITS1,PAIRED,PCR,METAGENOMIC,14,9,algae metagenome,ILLUMINA,2018-11-08T00:00:00Z,SRS4030311,Sarg_Jong_HF_06,SRP168175
SRR8174658,AMPLICON,602,PRJNA504438,SAMN10392142,Metagenome or environmental,UTAH VALLEY UNIVERSITY,2018-02-24,public,sra,"gs,ncbi,s3","gs.US,ncbi.public,s3.us-east-1",SRX4995285,Singapore,Asia,Singapore: Sisters Coral Reef,AOO2234,Illumina MiSeq,Sisters_Sargassum_Hold Fast,1.212338 N 103.833987 E,Sarg_Sisters_HF_06_ITS1,PAIRED,PCR,METAGENOMIC,3,2,algae metagenome,ILLUMINA,2018-11-08T00:00:00Z,SRS4030412,Sarg_Sisters_HF_06,SRP168175
SRR8174622,AMPLICON,602,PRJNA504438,SAMN10392055,Metagenome or environmental,UTAH VALLEY UNIVERSITY,2018-02-25,public,sra,"gs,ncbi,s3","gs.US,ncbi.public,s3.us-east-1",SRX4995321,Singapore,Asia,Singapore: Hantu Coral Reef,AOO2147,Illumina MiSeq,Hantu_Sargassum_Vesicle,1.223054 N 103.748229 E,Sarg_Hantu_Ves_01_ITS1,PAIRED,PCR,METAGENOMIC,15,9,algae metagenome,ILLUMINA,2018-11-08T00:00:00Z,SRS4030448,Sarg_Hantu_Ves_01,SRP168175
SRR8174772,AMPLICON,602,PRJNA504438,SAMN10392099,Metagenome or environmental,UTAH VALLEY UNIVERSITY,2018-02-21,public,sra,"gs,ncbi,s3","gs.US,ncbi.public,s3.us-east-1",SRX4995171,Singapore,Asia,Singapore: Kusu Coral Reef,AOO2191,Illumina MiSeq,Kusu_Sargassum_Leaf,1.222358 N 103.865050 E,Sarg_Kusu_Leaf_04_ITS1,PAIRED,PCR,METAGENOMIC,20,12,algae metagenome,ILLUMINA,2018-11-08T00:00:00Z,SRS4030298,Sarg_Kusu_Leaf_04,SRP168175
SRR8174742,AMPLICON,602,PRJNA504438,SAMN10392004,Metagenome or environmental,UTAH VALLEY UNIVERSITY,2018-02-22,public,sra,"gs,ncbi,s3","gs.US,ncbi.public,s3.us-east-1",SRX4995201,Singapore,Asia,Singapore: TPT Coral Reef,AOO2096,Illumina MiSeq,TPT_Sargassum_Leaf,1.226013 N 103.729599 E,Sarg_TPT_Leaf_08_ITS1,PAIRED,PCR,METAGENOMIC,21,13,algae metagenome,ILLUMINA,2018-11-08T00:00:00Z,SRS4030328,Sarg_TPT_Leaf_08,SRP168175
SRR8174698,AMPLICON,602,PRJNA504438,SAMN10392126,Metagenome or environmental,UTAH VALLEY UNIVERSITY,2018-02-24,public,sra,"gs,ncbi,s3","gs.US,ncbi.public,s3.us-east-1",SRX4995245,Singapore,Asia,Singapore: St John Coral Reef,AOO2218,Illumina MiSeq,St John_Sargassum_Leaf,1.220543 N 103.851841 E,Sarg_ST_John_Leaf_06_ITS1,PAIRED,PCR,METAGENOMIC,34,21,algae metagenome,ILLUMINA,2018-11-08T00:00:00Z,SRS4030372,Sarg_ST_John_Leaf_06,SRP168175
SRR8174799,AMPLICON,602,PRJNA504438,SAMN10392044,Metagenome or environmental,UTAH VALLEY UNIVERSITY,2018-02-22,public,sra,"gs,ncbi,s3","gs.US,ncbi.public,s3.us-east-1",SRX4995144,Singapore,Asia,Singapore: Hantu Coral Reef,AOO2136,Illumina MiSeq,Hantu_Sargassum_Hold Fast,1.223054 N 103.748229 E,Sarg_Hantu_HF_07_ITS1,PAIRED,PCR,METAGENOMIC,17,11,algae metagenome,ILLUMINA,2018-11-08T00:00:00Z,SRS4030271,Sarg_Hantu_HF_07,SRP168175
SRR8174735,AMPLICON,602,PRJNA504438,SAMN10392123,Metagenome or environmental,UTAH VALLEY UNIVERSITY,2018-02-21,public,sra,"gs,ncbi,s3","gs.US,ncbi.public,s3.us-east-1",SRX4995208,Singapore,Asia,Singapore: St John Coral Reef,AOO2215,Illumina MiSeq,St John_Sargassum_Leaf,1.220543 N 103.851841 E,Sarg_ST_John_Leaf_03_ITS1,PAIRED,PCR,METAGENOMIC,42,27,algae metagenome,ILLUMINA,2018-11-08T00:00:00Z,SRS4030335,Sarg_ST_John_Leaf_03,SRP168175
SRR8174739,AMPLICON,602,PRJNA504438,SAMN10392011,Metagenome or environmental,UTAH VALLEY UNIVERSITY,2018-02-21,public,sra,"gs,ncbi,s3","gs.US,ncbi.public,s3.us-east-1",SRX4995204,Singapore,Asia,Singapore: TPT Coral Reef,AOO2103,Illumina MiSeq,TPT_Sargassum_Vesicle,1.226013 N 103.729599 E,Sarg_TPT_Ves_07_ITS1,PAIRED,PCR,METAGENOMIC,8,5,algae metagenome,ILLUMINA,2018-11-08T00:00:00Z,SRS4030331,Sarg_TPT_Ves_07,SRP168175
